Metadata_SMILES,Metadata_BROAD_ID,Scaffold
CC(C)NCC(O)COc1ccccc1CC=C,BRD-A00993607,c1ccccc1
CCC(C(CC)c1ccc(O)cc1)c2ccc(O)cc2,BRD-A01078468,c1ccc(CCc2ccccc2)cc1
CCCN(C/C=C/I)C1CCc2ccc(O)cc2C1,BRD-A01295252,c1ccc2c(c1)CCCC2
CCCCN1CCCCC1C(=O)Nc2c(C)cccc2C,BRD-A01636364,O=C(Nc1ccccc1)C1CCCCN1
CC(=O)OCC(=O)[C@@]1(O)CCC2C3CCC4=CC(=O)C=CC4(C)C3[C@@H](O)C[C@@]21C,BRD-A01643550,O=C1C=CC2C(=C1)CCC1C3CCCC3CCC21
COc1ccccc1N2CCN(CC(O)COc3cccc4ccccc34)CC2,BRD-A01787639,c1ccc(N2CCN(CCCOc3cccc4ccccc34)CC2)cc1
CCOC(=O)C1=C(C)NC(=C(C1c2cccc(c2)[N+](=O)[O-])C(=O)OC)C,BRD-A02006392,C1=CC(c2ccccc2)C=CN1
CC(=C)C1Cc2c(O1)ccc(C(=O)O)c2O,BRD-A02176148,c1ccc2c(c1)CCO2
C[C@@]12CCC3C(CCc4cc(O)ccc34)C2CC[C@@]1(O)C#C,BRD-A02367930,c1ccc2c(c1)CCC1C2CCC2CCCC21
CCC1(CCCCN(C)C1)c2cccc(O)c2,BRD-A02710418,c1ccc(C2CCCCNC2)cc1
CC(C)NCC(O)COc1ccc(CCOCC2CC2)cc1,BRD-A02759312,c1ccc(CCOCC2CC2)cc1
CN1CCCCC1C(=O)Nc2c(C)cccc2C,BRD-A03216249,O=C(Nc1ccccc1)C1CCCCN1
COCCc1ccc(OCC(O)CNC(C)C)cc1,BRD-A03623303,c1ccccc1
C[N+]1(C)C2CC(CC1C3OC32)OC(=O)[C@@H](CO)c4ccccc4,BRD-A03932035,O=C(Cc1ccccc1)OC1CC2[NH2+]C(C1)C1OC21
Oc1cc2C(CN(CC=C)CCc2c(Cl)c1O)c3ccccc3,BRD-A04438777,c1ccc(C2CNCCc3ccccc32)cc1
CN(C)CCC(c1ccc(Cl)cc1)c2ccccn2,BRD-A04553218,c1ccc(Cc2ccccn2)cc1
CCOC(OCC)P(=O)(O)CCCNCc1ccc(Cl)c(Cl)c1,BRD-A04668240,c1ccccc1
CC(NC(C)(C)C)C(=O)c1cccc(Cl)c1,BRD-A05186015,c1ccccc1
COC(=O)C1=C(C)NC(=C(C1c2ccccc2C(F)(F)F)[N+](=O)[O-])C,BRD-A05457250,C1=CC(c2ccccc2)C=CN1
CC(C)(C)c1ccc(cc1)C(O)CCCN2CCC(CC2)C(O)(c3ccccc3)c4ccccc4,BRD-A06352418,c1ccc(CCCCN2CCC(C(c3ccccc3)c3ccccc3)CC2)cc1
CCCC(=O)Nc1nc2n(cnc2c(=O)[nH]1)C3O[C@H]4COP(=O)(O)O[C@@H]4[C@@H]3OC(=O)CCC,BRD-A06726973,O=c1[nH]cnc2c1ncn2C1CC2O[PH](=O)OCC2O1
C[C@@H]1[C@H](O)CC[C@@]2(C)[C@H]1CC[C@@]3(C)C2[C@H](O)C[C@H]4/C(=C(/CCC=C(C)C)\\C(=O)O)/[C@H](C[C@@]43C)OC(=O)C,BRD-A06935312,C=C1CCC2C1CCC1C3CCCCC3CCC21
CCCCOc1cc(CC2CNC(=O)N2)ccc1OC,BRD-A07207424,O=C1NCC(Cc2ccccc2)N1
CC(CCc1ccccc1)NCC(O)c2ccc(O)c(c2)C(=O)N,BRD-A07440155,c1ccc(CCCNCCc2ccccc2)cc1
O=C1CC(Oc2ccccc12)c3ccccc3,BRD-A07824748,O=C1CC(c2ccccc2)Oc2ccccc21
CSc1ccc2Sc3ccccc3CC(N4CCN(C)CC4)c2c1,BRD-A07932845,c1ccc2c(c1)CC(N1CCNCC1)c1ccccc1S2
CCC(C)[C@@H](CO[C@@H](Cc1ccccc1)C(=O)N[C@@H](CCS(=O)(=O)C)C(=O)OC(C)C)NC[C@@H](N)CS,BRD-A07952294,c1ccccc1
CC(=O)SCC(Cc1ccccc1)C(=O)NCC(=O)OCc2ccccc2,BRD-A08187463,O=C(CCc1ccccc1)NCC(=O)OCc1ccccc1
CO[C@H](C)C(O)(C(C)C)C(=O)OCC1=CCN2CC[C@H](O)[C@H]21,BRD-A08709697,C1=CC2CCCN2C1
COc1cc2nc(nc(N)c2cc1OC)N(C)CCCNC(=O)C3CCCO3,BRD-A09056319,O=C(NCCCNc1ncc2ccccc2n1)C1CCCO1
CCC(C)(CN(C)C)OC(=O)c1ccccc1,BRD-A09062839,c1ccccc1
CCN(CCCCOC(=O)c1ccc(OC)c(OC)c1)C(C)Cc2ccc(OC)cc2,BRD-A09467419,O=C(OCCCCNCCc1ccccc1)c1ccccc1
FC(F)(F)COc1ccc(OCC(F)(F)F)c(c1)C(=O)NCC2CCCCN2,BRD-A09472452,O=C(NCC1CCCCN1)c1ccccc1
COc1ccc(CCN(C)CCCC(C#N)(C(C)C)c2ccc(OC)c(OC)c2)cc1OC,BRD-A09533288,c1ccc(CCCCNCCc2ccccc2)cc1
CN1C2CC[C@H]1C[C@H](C2)OC(=O)C(O)c3ccccc3,BRD-A09539288,O=C(Cc1ccccc1)OC1CC2CCC(C1)N2
CCNCC(O)c1cccc(O)c1,BRD-A09925278,c1ccccc1
CC(=O)C1C(=O)[C@@H]2[C@@H]3[C@@H](Cc4cccc5[nH]cc3c45)C(C)(C)N2C1=O,BRD-A10420615,O=C1CC(=O)N2CC3Cc4cccc5[nH]cc(c45)C3C12
CCN1CCC(CNC(=O)c2cc(ccc2OC)S(=O)(=O)N)C1,BRD-A10715913,O=C(NCC1CCNC1)c1ccccc1
COc1ccccc1OCCNCC(O)COc2cccc3[nH]c4ccccc4c23,BRD-A10977446,c1ccc(OCCNCCCOc2cccc3[nH]c4ccccc4c23)cc1
COc1c(O[C@@H]2O[C@H](CO)[C@@H](O)[C@H](O)[C@H]2O)cc3CCC(NC(=O)C)c4cc(=O)c(SC)ccc4-c3c1OC,BRD-A11605036,O=c1cccc2c(c1)CCCc1cc(OC3CCCCO3)ccc1-2
Clc1ccc(C(Cn2ccnc2)OCC=C)c(Cl)c1,BRD-A11776908,c1ccc(CCn2ccnc2)cc1
CN(CCc1ccc(Cl)c(Cl)c1)CC(O)COc2ccc(NS(=O)(=O)C)cc2,BRD-A11813248,c1ccc(CCNCCCOc2ccccc2)cc1
CN1C2CCC1CC(C2)NC(=O)c3nn(C)c4ccccc34,BRD-A12016240,O=C(NC1CC2CCC(C1)N2)c1n[nH]c2ccccc12
C[C@H]1CC2C3CC[C@](O)(C(=O)C)[C@@]3(C)C[C@H](O)[C@]2(F)C4(C)C=CC(=O)C=C14,BRD-A13133631,O=C1C=CC2C(=C1)CCC1C3CCCC3CCC21
Cc1onc(c1C(=O)N[C@H]2[C@H]3SC(C)(C)C(N3C2=O)C(=O)O)c4c(F)cccc4Cl,BRD-A13650332,O=C(NC1C(=O)N2CCSC12)c1conc1-c1ccccc1
CC/1=C(CC(=O)O)c2cc(F)ccc2\\C1=C/c3ccc(cc3)S(=O)C,BRD-A13946108,C1=Cc2ccccc2C1=Cc1ccccc1
CN1CCCCC1CCN2c3ccccc3Sc4ccc(cc24)S(=O)C,BRD-A14395271,c1ccc2c(c1)Sc1ccccc1N2CCC1CCCCN1
CC(=O)OCC(=O)[C@]12OC(C)(C)O[C@@H]2CC3C4C[C@H](F)C5=CC(=O)C=C[C@]5(C)[C@@]4(F)[C@@H](O)C[C@@]31C,BRD-A15297126,O=C1C=CC2C(=C1)CCC1C2CCC2C1CC1OCOC12
OC(=O)C(Cc1cc(=O)[nH]c2ccccc12)NC(=O)c3ccc(Cl)cc3,BRD-A15909516,O=C(NCCc1cc(=O)[nH]c2ccccc12)c1ccccc1
NC(=O)CS(=O)C(c1ccccc1)c2ccccc2,BRD-A16332958,c1ccc(Cc2ccccc2)cc1
Clc1ccc(CCC(Cn2ccnc2)Sc3c(Cl)cccc3Cl)cc1,BRD-A16665823,c1ccc(CCC(Cn2ccnc2)Sc2ccccc2)cc1
O=C1CC2(CCCC2)CC(=O)N1CCCCNCC3COc4ccccc4O3,BRD-A17453586,O=C1CC2(CCCC2)CC(=O)N1CCCCNCC1COc2ccccc2O1
CN(C)C(=O)Oc1cc(OC(=O)N(C)C)cc(c1)C(O)CNC(C)(C)C,BRD-A17462676,c1ccccc1
CN1C[C@@]2(C=C)C3CC4OC[C@@H]3[C@@H]1[C@H]2[C@@]45C(=O)Nc6ccccc65,BRD-A17535965,O=C1Nc2ccccc2C12C1CC3C(CO1)C1NCC3C12
CC(C)Cc1ccc(cc1)C(C)C(=O)O,BRD-A17655518,c1ccccc1
CC1(C)C=CC(=O)[C@@]2(C)C1CC(=O)[C@]3(C)C2CC[C@@]4(C)[C@@H](OC(=O)C5OC543)c6ccoc6,BRD-A17819071,O=C1C=CCC2CC(=O)C3C(CCC4C(c5ccoc5)OC(=O)C5OC543)C12
Cc1c(C)c2OC(C)(CCc2c(C)c1O)C(=O)O,BRD-A17846016,c1ccc2c(c1)CCCO2
CN1C(=O)CC(C1=O)c2ccccc2,BRD-A18043272,O=C1CC(c2ccccc2)C(=O)N1
Nc1ncnc2n(cc(I)c12)C3OC(CO)C(O)C3O,BRD-A18497530,c1ncc2ccn(C3CCCO3)c2n1
CN(C)CC(O)Cn1c2ccc(Br)cc2c3cc(Br)ccc13,BRD-A18579359,c1ccc2c(c1)[nH]c1ccccc12
C[C@@]12CCC3C(CCc4cc(O)ccc34)C2C[C@@H](O)[C@@H]1O,BRD-A18620900,c1ccc2c(c1)CCC1C2CCC2CCCC21
C[C@@]12CCC3C(CCc4cc(O)ccc34)C2CC[C@@H]1O,BRD-A18917088,c1ccc2c(c1)CCC1C2CCC2CCCC21
CN1C2CCCC1CC(=O)C2,BRD-A19053259,O=C1CC2CCCC(C1)N2
CC(CN(C)C)CN1c2ccccc2CCc3ccccc13,BRD-A19195498,c1ccc2c(c1)CCc1ccccc1N2
CN1CCN2C(C1)c3ccccc3Cc4ccccc24,BRD-A19661776,c1ccc2c(c1)Cc1ccccc1N1CCNCC21
Cc1nccn1CC2CCc3c(C2=O)c4ccccc4n3C,BRD-A19736161,O=C1c2c([nH]c3ccccc23)CCC1Cn1ccnc1
Clc1ccc(cc1)[C@H]2CC[C@@H](CC2)C3C(=O)C(=O)c4ccccc4C3=O,BRD-A19795905,O=C1C(=O)C(C2CCC(c3ccccc3)CC2)C(=O)c2ccccc21
C[C@H]1CC2C3CC[C@H](C(=O)C)[C@@]3(C)C[C@H](O)C2[C@@]4(C)CCC(=O)C=C14,BRD-A20126139,O=C1C=C2CCC3C4CCCC4CCC3C2CC1
CC1(C)[C@@H](O)CC[C@@]2(C)C1CC[C@]3(C)C2C(=O)C=C4[C@@H]5C[C@](C)(CC[C@]5(C)CC[C@]43C)C(=O)O,BRD-A20200672,O=C1C=C2C3CCCCC3CCC2C2CCC3CCCCC3C12
CC(C)NCC(O)COc1ccc(CC(=O)N)cc1,BRD-A20239487,c1ccccc1
CN1C(c2ccc(Cl)cc2)S(=O)(=O)CCC1=O,BRD-A20348246,O=C1CCS(=O)(=O)C(c2ccccc2)N1
O=C(C1CCCCC1)N2CC3N(CCc4ccccc34)C(=O)C2,BRD-A21858158,O=C(C1CCCCC1)N1CC(=O)N2CCc3ccccc3C2C1
CCOC(=O)C1=C(COCCN)NC(=C(C1c2ccccc2Cl)C(=O)OC)C,BRD-A22032524,C1=CC(c2ccccc2)C=CN1
COc1cc(ccc1c2nc3ncccc3[nH]2)S(=O)C,BRD-A22081593,c1ccc(-c2nc3ncccc3[nH]2)cc1
C[C@@]12CCC3C(CCc4cc(OS(=O)(=O)O)ccc34)C2CCC1=O,BRD-A22143024,O=C1CCC2C1CCC1c3ccccc3CCC12
COc1cc2nc(nc(N)c2cc1OC)N3CCN(CC3)C(=O)C4CCCO4,BRD-A22256192,O=C(C1CCCO1)N1CCN(c2ncc3ccccc3n2)CC1
CC(Cc1cccc(c1)C(F)(F)F)NCCOC(=O)c2ccccc2,BRD-A22305049,O=C(OCCNCCc1ccccc1)c1ccccc1
COc1ccnc(CS(=O)c2nc3cc(OC(F)F)ccc3[nH]2)c1OC,BRD-A22380646,O=S(Cc1ccccn1)c1nc2ccccc2[nH]1
CCC(NC(C)C)C(O)c1ccc(O)c2[nH]c(=O)ccc12,BRD-A22684332,O=c1ccc2ccccc2[nH]1
CN1CCCN(CC1)C(c2ccccc2)c3ccc(Cl)cc3,BRD-A22769835,c1ccc(C(c2ccccc2)N2CCCNCC2)cc1
CN1C(C(=O)Nc2ccccn2)C(=O)c3sccc3S1(=O)=O,BRD-A22844106,O=C(Nc1ccccn1)C1NS(=O)(=O)c2ccsc2C1=O
CCC[C@@H]1C[C@H](N(C)C1)C(=O)N[C@H]([C@H](C)Cl)C2O[C@H](SC)[C@H](O)[C@@H](O)[C@H]2O,BRD-A23034328,O=C(NCC1CCCCO1)C1CCCN1
CN(C)CCC(c1ccccc1)c2ccccn2,BRD-A23072235,c1ccc(Cc2ccccn2)cc1
CC(=O)OC1CCC2C3CCc4cc(O)ccc4C3CCC12C,BRD-A23226398,c1ccc2c(c1)CCC1C2CCC2CCCC21
NCC(CS(=O)(=O)O)c1ccc(Cl)cc1,BRD-A24122750,c1ccccc1
CC(C(O)c1ccc(O)cc1)N2CCC(Cc3ccccc3)CC2,BRD-A24191444,c1ccc(CCN2CCC(Cc3ccccc3)CC2)cc1
CC1COc2c(N3CCN(C)CC3)c(F)cc4c(=O)c(cn1c24)C(=O)O,BRD-A24228527,O=c1ccn2c3c(c(N4CCNCC4)ccc13)OCC2
CC(=O)CC(c1ccccc1)c2c(O)c3ccccc3oc2=O,BRD-A24514565,O=c1oc2ccccc2cc1Cc1ccccc1
CCC(NC(C)C)C(O)c1ccc(O)c(O)c1,BRD-A24587114,c1ccccc1
COc1ccc(CC2N(C)CCc3cc(OC)c(OC)cc23)cc1OC,BRD-A24817035,c1ccc(CC2NCCc3ccccc32)cc1
CCC1(CCC(=O)NC1=O)c2ccc(N)cc2,BRD-A25234499,O=C1CCC(c2ccccc2)C(=O)N1
CCC(=O)O[C@@]1([C@@H](C)CC2C3CCC4=CC(=O)C=C[C@]4(C)[C@@]3(F)[C@@H](O)C[C@@]21C)C(=O)CCl,BRD-A26095496,O=C1C=CC2C(=C1)CCC1C3CCCC3CCC21
CCCNCC(O)COc1ccccc1C(=O)CCc2ccccc2,BRD-A26334849,O=C(CCc1ccccc1)c1ccccc1
NS(=O)(=O)c1cc(ccc1Cl)C2(O)NC(=O)c3ccccc32,BRD-A26384407,O=C1NC(c2ccccc2)c2ccccc21
COC(=O)C1=C(C)NC(=C(C1c2cccc(c2)[N+](=O)[O-])C(=O)OCCN(C)Cc3ccccc3)C,BRD-A26711594,O=C(OCCNCc1ccccc1)C1=CNC=CC1c1ccccc1
CC(CN1CCCCC1)C(=O)c2ccc(C)cc2,BRD-A27732521,O=C(CCN1CCCCC1)c1ccccc1
C[C@@]12C[C@H](O)C3C(CCC4=CC(=O)C=C[C@]34C)C2CC[C@]1(O)C(=O)CO,BRD-A27887842,O=C1C=CC2C(=C1)CCC1C3CCCC3CCC21
C1CN=C(N1)C2CCCc3ccccc23,BRD-A28856712,c1ccc2c(c1)CCCC2C1=NCCN1
COc1ccc(C[C@H](N)C(=O)N[C@H]2[C@@H](O)C(O[C@@H]2CO)n3cnc4c(ncnc34)N(C)C)cc1,BRD-A28970875,O=C(CCc1ccccc1)NC1COC(n2cnc3cncnc32)C1
C[C@@]12CCC3C(CC[C@@H]4C[C@@H](O)CC[C@@]43C)[C@@]2(O)C[C@H](O)[C@@H]1C5=CC(=O)OC5,BRD-A29082194,O=C1C=C(C2CCC3C2CCC2C4CCCCC4CCC23)CO1
CCCC(=O)Nc1ccc(OCC(O)CNC(C)C)c(c1)C(=O)C,BRD-A29260609,c1ccccc1
COC(=O)C1=C(C)NC(=C(C1C)C(=O)OCCSc2ccccc2)C,BRD-A29289453,O=C(OCCSc1ccccc1)C1=CNC=CC1
C[C@@]12CCC3C(C=CC4=CC(=O)CC[C@]34C)C2CC[C@@]1(O)CCC(=O)O,BRD-A29322418,O=C1C=C2C=CC3C4CCCC4CCC3C2CC1
CN(C)CCOC(c1ccc(Cl)cc1)c2ccccn2,BRD-A29426959,c1ccc(Cc2ccccn2)cc1
CN1CC(c2ccccc2)c3cccc(N)c3C1,BRD-A29644307,c1ccc(C2CNCc3ccccc32)cc1
CCCCCC(=O)O[C@@]1(CCC2C3CCC4=CC(=O)CC[C@]4(C)C3CC[C@@]21C)C(=O)C,BRD-A29731977,O=C1C=C2CCC3C4CCCC4CCC3C2CC1
CC(C)N(CCC(C(=O)N)(c1ccccc1)c2ccccn2)C(C)C,BRD-A29734509,c1ccc(Cc2ccccn2)cc1
CC(=O)C(C#N)C(=O)Nc1cc(Br)ccc1Br,BRD-A30655177,c1ccccc1
CCOC(=O)C1=C(C)NC(=C(C1c2cccc(Cl)c2Cl)C(=O)OC)C,BRD-A30815329,C1=CC(c2ccccc2)C=CN1
CNCCC(Oc1ccc(cc1)C(F)(F)F)c2ccccc2,BRD-A31159102,c1ccc(COc2ccccc2)cc1
COc1ccccc1OCC(O)COC(=O)N,BRD-A31521121,c1ccccc1
CCOC(=O)[C@H](CCc1ccccc1)N[C@H](C)C(=O)N2[C@@H](CC3CCCCC32)C(=O)O,BRD-A32505112,O=C(CNCCCc1ccccc1)N1CCC2CCCCC21
CC(=O)OC1CN2CCC1CC2,BRD-A32673558,C1CN2CCC1CC2
CC(C)NCC(O)c1ccc(NS(=O)(=O)C)cc1,BRD-A33168282,c1ccccc1
COc1cc(cc(OC)c1O)[C@H]2[C@@H]3C(COC3=O)C(OC4O[C@@H]5COC(C)O[C@H]5[C@H](O)[C@H]4O)c6cc7OCOc7cc26,BRD-A33280134,O=C1OCC2C(OC3CCC4OCOCC4O3)c3cc4c(cc3C(c3ccccc3)C12)OCO4
COC(=O)Nc1nc2ccc(cc2[nH]1)S(=O)c3ccccc3,BRD-A33447119,O=S(c1ccccc1)c1ccc2nc[nH]c2c1
CN1CCCC(CC2c3ccccc3Sc4ccccc24)C1,BRD-A33711280,c1ccc2c(c1)Sc1ccccc1C2CC1CCCNC1
CCCCC1C(=O)N(N(C1=O)c2ccc(O)cc2)c3ccccc3,BRD-A33749298,O=C1CC(=O)N(c2ccccc2)N1c1ccccc1
COc1ccc(cc1OC2CCCC2)C3CNC(=O)C3,BRD-A34255068,O=C1CC(c2cccc(OC3CCCC3)c2)CN1
C[C@@H]1O[C@@H](O[C@H]2CC[C@]3(C)C4CC[C@]5(C)[C@H](CC[C@]5(O)C4CCC3=C2)c6ccc(=O)oc6)[C@H](O)[C@H](O)[C@H]1O,BRD-A34806832,O=c1ccc(C2CCC3C2CCC2C4CCC(OC5CCCCO5)C=C4CCC23)co1
COc1cc(cc(OC)c1O)[C@H]2[C@@H]3C(COC3=O)C(O[C@@H]4O[C@@H]5CO[C@H](OC5[C@H](O)[C@H]4O)c6cccs6)c7cc8OCOc8cc27,BRD-A35588707,O=C1OCC2C(OC3CCC4OC(c5cccs5)OCC4O3)c3cc4c(cc3C(c3ccccc3)C12)OCO4
Clc1ccc2NC(=O)CSC(c3ccccc3Cl)c2c1,BRD-A35623999,O=C1CSC(c2ccccc2)c2ccccc2N1
CC(=O)O[C@@]1(CCC2C3C=C(C)C4=CC(=O)CCC4(C)C3CCC21C)C(=O)C,BRD-A35989968,O=C1C=C2C=CC3C4CCCC4CCC3C2CC1
CC(=O)OCC(=O)[C@]12OC3(CCCC3)O[C@@H]2CC4C5CCC6=CC(=O)C=C[C@]6(C)[C@@]5(F)[C@@H](O)C[C@@]41C,BRD-A36010170,O=C1C=CC2C(=C1)CCC1C2CCC2C1CC1OC3(CCCC3)OC12
CC12CCC3C(CCc4cc(OC(=O)c5ccccc5)ccc34)C2CCC1O,BRD-A36066264,O=C(Oc1ccc2c(c1)CCC1C2CCC2CCCC21)c1ccccc1
O=C1C(CCS(=O)c2ccccc2)C(=O)N(N1c3ccccc3)c4ccccc4,BRD-A36217750,O=C1C(CCS(=O)c2ccccc2)C(=O)N(c2ccccc2)N1c1ccccc1
OC(CCN1CCCCC1)(C2C[C@H]3C[C@@H]2C=C3)c4ccccc4,BRD-A36471396,C1=CC2CC1CC2C(CCN1CCCCC1)c1ccccc1
CC(C)[N+]1(C)[C@@H]2CC[C@@H]1C[C@H](C2)OC(=O)C(CO)c3ccccc3,BRD-A37432947,O=C(Cc1ccccc1)OC1CC2CCC(C1)[NH2+]2
CC(C)(C)NCC(O)c1ccccc1Cl,BRD-A37441042,c1ccccc1
CC(=C)[C@H]1[C@H]2OC(=O)C1[C@]3(O)CC4O[C@]45C(=O)O[C@H]2[C@@]53C,BRD-A37817666,O=C1OC2CC1C1CC3OC34C(=O)OC2C14
C[C@@]12CCC3C(CCc4cc(O)ccc34)C2CCC1=O,BRD-A37959677,O=C1CCC2C1CCC1c3ccccc3CCC12
OCC(O)COC(=O)c1ccccc1Nc2ccnc3cc(Cl)ccc23,BRD-A38076815,c1ccc(Nc2ccnc3ccccc23)cc1
CC(=O)N1CCN(CC1)c2ccc(OCC3CO[C@@](Cn4ccnc4)(O3)c5ccc(Cl)cc5Cl)cc2,BRD-A38350138,c1ccc(C2(Cn3ccnc3)OCC(COc3ccc(N4CCNCC4)cc3)O2)cc1
NC(=O)OCC(O)COc1ccc(Cl)cc1,BRD-A39230911,c1ccccc1
Clc1ccc(cn1)C2CC3CCC2N3,BRD-A39268308,c1cncc(C2CC3CCC2N3)c1
CC(=O)O[C@@]1(CC[C@H]2[C@@H]3C=C(Cl)C4=CC(=O)C5CC5[C@]4(C)[C@H]3CC[C@@]21C)C(=O)C,BRD-A39290993,O=C1C=C2C=CC3C4CCCC4CCC3C2C2CC12
C[C@@]12CCC3C(CCC4=CC(=O)CC[C@H]34)C2CC[C@@]1(O)C#C,BRD-A39415247,O=C1C=C2CCC3C4CCCC4CCC3C2CC1
CCCCC(=O)O[C@H]1CCC2C3CCc4cc(O)ccc4C3CC[C@]12C,BRD-A39747742,c1ccc2c(c1)CCC1C2CCC2CCCC21
CO/N=C/1\\CN(CC1CN)c2nc3n(cc(C(=O)O)c(=O)c3cc2F)C4CC4,BRD-A40787240,N=C1CCN(c2ccc3c(=O)ccn(C4CC4)c3n2)C1
COC(C)(C)CCCC(C)C/C=C/C(=C/C(=O)O)/C,BRD-A41145729,
NS(=O)(=O)c1cc2c(NC(CC3CCCC3)NS2(=O)=O)cc1Cl,BRD-A41250306,O=S1(=O)NC(CC2CCCC2)Nc2ccccc21
COC(C/C=C/C=C/CC\\C=C/CC(C)\\C=C/C(=C\\C(=O)O)/CC(=O)O)/C(=C\\C=C(/C)\\C(=O)O)/C,BRD-A41301928,
CC(C)NCC(O)COc1ccc(NC(=O)C)cc1,BRD-A41304429,c1ccccc1
CCC(C)N(C)C(=O)c1cc2ccccc2c(n1)c3ccccc3Cl,BRD-A41451487,c1ccc(-c2nccc3ccccc23)cc1
OC(CC[C@@H]1[C@H](N(C1=O)c2ccc(F)cc2)c3ccc(O)cc3)c4ccc(F)cc4,BRD-A41519720,O=C1C(CCCc2ccccc2)C(c2ccccc2)N1c1ccccc1
CCOC(=O)OC(C)OC(=O)[C@@H]1N2[C@H](SC1(C)C)[C@H](NC(=O)[C@H](N)c3ccccc3)C2=O,BRD-A41698174,O=C(Cc1ccccc1)NC1C(=O)N2CCSC12
OC[C@H]1OC([C@H](O)[C@@H](O)[C@@H]1O)c2c(O)cc(O)c3c(=O)cc(oc23)c4ccc(O)cc4,BRD-A41941932,O=c1cc(-c2ccccc2)oc2c(C3CCCCO3)cccc12
COc1cc2N3C4[C@H]5[C@H]6C[C@@H]7N(CC[C@@]74c2cc1OC)CC6=CCOC5CC3=O,BRD-A41995253,O=C1CC2OCC=C3CN4CCC56c7ccccc7N1C5C2C3CC46
CC(C)(C)NCC(O)COc1cccc2NC(=O)CCc12,BRD-A42167015,O=C1CCc2ccccc2N1
OC(=O)COCCN1CCN(CC1)C(c2ccccc2)c3ccc(Cl)cc3,BRD-A42571354,c1ccc(C(c2ccccc2)N2CCNCC2)cc1
CCC(Cc1c(I)cc(I)c(N)c1I)C(=O)O,BRD-A42628519,c1ccccc1
Cc1ncc([N+](=O)[O-])n1CC(O)CCl,BRD-A42759514,c1c[nH]cn1
CCCCCc1cc(O)c2C3C=C(CC[C@H]3C(C)(C)Oc2c1)C(=O)O,BRD-A42831637,C1=CC2c3ccccc3OCC2CC1
CC(C)NCC(O)COc1ccccc1OCC=C,BRD-A43671941,c1ccccc1
CCN1C[C@]2(C)CC[C@H](O)[C@]3([C@@H]4C[C@H]5C(O)[C@@H]4[C@](O)(C[C@@H]5OC)[C@H]6C[C@@H]32)C61,BRD-A43849199,C1CC2CNC3C4CC2C3(C1)C1CC2CCC4C1C2
CC(N/C(=N/C#N)/Nc1ccncc1)C(C)(C)C,BRD-A43882281,c1ccncc1
COc1ccc2CC3N(CCc4cc(OC)c(OC)cc34)Cc2c1OC,BRD-A43940795,c1ccc2c(c1)CC1c3ccccc3CCN1C2
NC1C[C@H]1c2ccccc2,BRD-A43974575,c1ccc(C2CC2)cc1
C[N+]1(C)C2CC[C@H]1C[C@H](C2)OC(=O)C(O)c3ccccc3,BRD-A43999749,O=C(Cc1ccccc1)OC1CC2CCC(C1)[NH2+]2
CN(C)CCOC(C)(c1ccccc1)c2ccccn2,BRD-A44008656,c1ccc(Cc2ccccn2)cc1
CN1C(=O)COc2c(cc(Cl)cc12)C(=O)NC3CN4CCC3CC4,BRD-A44133049,O=C1COc2c(cccc2C(=O)NC2CN3CCC2CC3)N1
CCCN(CCC)C(=O)C(CCC(=O)O)NC(=O)c1ccccc1,BRD-A44863528,c1ccccc1
COc1cc-2c(CC3N(C)CCc4cc(O)c(OC)c2c34)cc1O,BRD-A44966919,c1ccc2c(c1)CC1NCCc3cccc-2c31
CCN(CC)CCCC(C)Nc1c2ccc(Cl)cc2nc3ccc(OC)cc13,BRD-A45889380,c1ccc2nc3ccccc3cc2c1
C1CN2CC(N=C2S1)c3ccccc3,BRD-A46393198,c1ccc(C2CN3CCSC3=N2)cc1
CNCC(O)c1ccc(OC(=O)C(C)(C)C)c(OC(=O)C(C)(C)C)c1,BRD-A47494775,c1ccccc1
COC[C@H]([C@@H](O)[C@@H](O)C(=O)NCC[C@@H](C)c1nc(/C=C/C[C@H]2OC3(C[C@H](O)[C@H]2C)OC([C@@H](C[C@@H](O)[C@@H](C)[C@@H](O)[C@@H](C)/C=C(\\C)/C(=C/C=C/C(=C\\C#N)/C)/C)OC)[C@@H](OP(=O)(O)O)C3(C)C)co1)N(C)C,BRD-A47513740,C(=Cc1cocn1)CC1CCCC2(CCCO2)O1
CO[C@]12[C@@H]3NC3CN2C4=C([C@@H]1COC(=O)N)C(=O)C(=C(C)C4=O)N,BRD-A48237631,O=C1C=CC(=O)C2=C1CC1C3NC3CN21
CCc1ccc(CCOc2ccc(CC3SC(=O)NC3=O)cc2)nc1,BRD-A48430263,O=C1NC(=O)C(Cc2ccc(OCCc3ccccn3)cc2)S1
CCC(=O)O[C@H]1CCC2C3CCC4=CC(=O)CC[C@]4(C)C3CC[C@]12C,BRD-A48720949,O=C1C=C2CCC3C4CCCC4CCC3C2CC1
CNC(=O)[C@H]1O[C@H](C(O)[C@H]1O)n2cnc3c(NCc4cccc(I)c4)ncnc23,BRD-A48809242,c1ccc(CNc2ncnc3c2ncn3C2CCCO2)cc1
OC(=O)C1CCCN(CCC=C(c2ccccc2)c3ccccc3)C1,BRD-A49046702,C(CCN1CCCCC1)=C(c1ccccc1)c1ccccc1
Cc1c(CS(=O)c2nc3ccccc3[nH]2)nccc1OCC(F)(F)F,BRD-A49172652,O=S(Cc1ccccn1)c1nc2ccccc2[nH]1
CC(C)(Oc1ccc(cc1)C2CC2(Cl)Cl)C(=O)O,BRD-A49358627,c1ccc(C2CC2)cc1
COc1cc(=O)n(C)c2c(OCC(O)C(C)(C)O)cccc12,BRD-A49734948,O=c1ccc2ccccc2[nH]1
CC1(C)O[C@@H]2CC3C4C[C@H](F)C5=CC(=O)CC[C@]5(C)C4[C@@H](O)C[C@]3(C)[C@@]2(O1)C(=O)CO,BRD-A49765801,O=C1C=C2CCC3C(CCC4C3CC3OCOC34)C2CC1
C[N+]1([O-])[C@H]2C[C@@H](C[C@@H]1[C@H]3O[C@H]32)OC(=O)[C@H](CO)c4ccccc4,BRD-A49906757,O=C(Cc1ccccc1)OC1CC2[NH2+]C(C1)C1OC21
CC(C)(C)NCC(O)c1cc(O)cc(O)c1,BRD-A50157456,c1ccccc1
Cc1cccc(CN2CCN(CC2)C(c3ccccc3)c4ccc(Cl)cc4)c1,BRD-A50311610,c1ccc(CN2CCN(C(c3ccccc3)c3ccccc3)CC2)cc1
Nc1c(S(=O)C(F)(F)F)c(C#N)nn1c2c(Cl)cc(cc2Cl)C(F)(F)F,BRD-A50675702,c1ccc(-n2cccn2)cc1
Oc1ccc(cc1)C2CNCCc3c(Cl)c(O)c(O)cc23,BRD-A50684349,c1ccc(C2CNCCc3ccccc32)cc1
O=C1CC2(CCCC2)CC(=O)N1CCNCC3COc4ccccc4O3,BRD-A50764878,O=C1CC2(CCCC2)CC(=O)N1CCNCC1COc2ccccc2O1
COc1ccc(cc1)C(CN(C)C)C2(O)CCCCC2,BRD-A51714012,c1ccc(CC2CCCCC2)cc1
Clc1ccc(COC(Cn2ccnc2)c3ccc(Cl)cc3Cl)cc1,BRD-A51820102,c1ccc(COC(Cn2ccnc2)c2ccccc2)cc1
OC(CN1CCN(CC1)c2cccc(Cl)c2)C(c3ccccc3)c4ccccc4,BRD-A51829654,c1ccc(C(CCN2CCN(c3ccccc3)CC2)c2ccccc2)cc1
COc1ccc(CCN(C)CCCC(C#N)(C(C)C)c2cc(OC)c(OC)c(OC)c2)cc1OC,BRD-A52922642,c1ccc(CCCCNCCc2ccccc2)cc1
C[C@H]1CC2C3CC[C@](O)(C(=O)CO)[C@@]3(C)C[C@H](O)C2[C@@]4(C)C=CC(=O)C=C14,BRD-A53176877,O=C1C=CC2C(=C1)CCC1C3CCCC3CCC21
CCCNC(C)C(=O)Nc1ccccc1C,BRD-A53952395,c1ccccc1
CNC(C)C(O)c1ccccc1,BRD-A54236247,c1ccccc1
Cc1ccc2n3CCNC4CCCc(c43)c2c1,BRD-A54490543,c1ccc2c(c1)c1c3n2CCNC3CCC1
CCN1CCCC1CNC(=O)c2cc(ccc2OC)S(=O)(=O)N,BRD-A55272860,O=C(NCC1CCCN1)c1ccccc1
C[C@@]12CCC3C(CCC4=CC(=O)CC[C@]34C)C2CC[C@@H]1O,BRD-A55393291,O=C1C=C2CCC3C4CCCC4CCC3C2CC1
O=c1cccc2C3CNC[C@@H](C3)Cn21,BRD-A55579717,O=c1cccc2n1CC1CNCC2C1
CC1CNCCN1S(=O)(=O)c2cccc3cnccc23,BRD-A55756846,O=S(=O)(c1cccc2cnccc12)N1CCNCC1
CC(/C=C/c1cccc(Oc2ccc(F)cc2)c1)N(O)C(=O)N,BRD-A55946879,c1ccc(Oc2ccccc2)cc1
COc1ccc2nc([nH]c2c1)S(=O)Cc3ncc(C)c(OC)c3C,BRD-A55962179,O=S(Cc1ccccn1)c1nc2ccccc2[nH]1
CCCNC(=O)[C@H]1O[C@@H]1C(=O)N[C@@H](C(C)CC)C(=O)N2CCC[C@H]2C(=O)OC,BRD-A56020723,O=C(NCC(=O)N1CCCC1)C1CO1
NS(=O)(=O)c1cc2c(NC(CSCC=C)NS2(=O)=O)cc1Cl,BRD-A56675431,O=S1(=O)NCNc2ccccc21
COCCOC(=O)C1=C(C)NC(=C(C1c2cccc(c2)[N+](=O)[O-])C(=O)OC(C)C)C,BRD-A58048407,C1=CC(c2ccccc2)C=CN1
CC(NCCc1ccc(O)cc1)C(O)c2ccc(O)cc2,BRD-A59174698,c1ccc(CCNCCc2ccccc2)cc1
CN1C(CC(O)c2ccccc2)CCCC1CC(O)c3ccccc3,BRD-A59215453,c1ccc(CCC2CCCC(CCc3ccccc3)N2)cc1
CCC1NC(=O)c2cc(c(Cl)cc2N1)S(=O)(=O)N,BRD-A59303141,O=C1NCNc2ccccc21
Cc1ccc(cc1)S(=O)(=O)NC(=O)NN2CC3CCCC3C2,BRD-A61154809,O=C(NN1CC2CCCC2C1)NS(=O)(=O)c1ccccc1
C[C@H]1CC2C3CC[C@](OC(=O)C)(C(=O)C)[C@@]3(C)CCC2[C@@]4(C)CCC(=O)C=C14,BRD-A61221616,O=C1C=C2CCC3C4CCCC4CCC3C2CC1
CC1Nc2cc(Cl)c(cc2C(=O)N1c3ccccc3C)S(=O)(=O)N,BRD-A61793559,O=C1c2ccccc2NCN1c1ccccc1
CN/C(=N\\c1ccc(cc1)C2=NNC(=O)CC2C)/NC#N,BRD-A62071884,O=C1CCC(c2ccccc2)=NN1
OCCOCCN1CCN(CC1)C(c2ccccc2)c3ccc(Cl)cc3,BRD-A62428732,c1ccc(C(c2ccccc2)N2CCNCC2)cc1
C[C@@]12CC(=O)C3C(CCC4=CC(=O)C=C[C@]34C)C2CC[C@]1(O)C(=O)CO,BRD-A62525898,O=C1C=CC2C(=C1)CCC1C3CCCC3CC(=O)C21
CCC(=O)OC1([C@@H](C)C[C@H]2[C@@H]3CCC4=CC(=O)C=C[C@]4(C)[C@@]3(F)[C@@H](O)C[C@@]21C)C(=O)CCl,BRD-A63894585,O=C1C=CC2C(=C1)CCC1C3CCCC3CCC21
CC(N)COc1c(C)cccc1C,BRD-A64092382,c1ccccc1
OC[C@H]1OC(C[C@@H]1O)n2cc(c(=O)[nH]c2=O)C(F)(F)F,BRD-A64485570,O=c1ccn(C2CCCO2)c(=O)[nH]1
OC(COc1cccc2[nH]c(C#N)cc12)CN3CCN(CC3)C(c4ccccc4)c5ccccc5,BRD-A64553394,c1ccc(C(c2ccccc2)N2CCN(CCCOc3cccc4[nH]ccc34)CC2)cc1
CCN(CC)CC#CCOC(=O)C(O)(C1CCCCC1)c2ccccc2,BRD-A65013509,c1ccc(CC2CCCCC2)cc1
CC(=O)CC(c1ccc(cc1)[N+](=O)[O-])c2c(O)c3ccccc3oc2=O,BRD-A65051990,O=c1oc2ccccc2cc1Cc1ccccc1
CC(C)[C@@]1(NC(=O)[C@@H]2CC3[C@@H](Cc4c[nH]c5cccc3c45)N(C)C2)O[C@@]6(O)[C@@H]7CCCN7C(=O)[C@H](Cc8ccccc8)N6C1=O,BRD-A65076780,O=C(NC1OC2C3CCCN3C(=O)C(Cc3ccccc3)N2C1=O)C1CNC2Cc3c[nH]c4cccc(c34)C2C1
CCc1c(C)[nH]c2CCC(CN3CCOCC3)C(=O)c12,BRD-A65280694,O=C1c2cc[nH]c2CCC1CN1CCOCC1
CC(C)NCC(O)c1ccc(N)c(C#N)c1,BRD-A65440446,c1ccccc1
CC1(C)O[C@@H]2CC3C4C[C@H](F)C5=CC(=O)C=CC5(C)C4C(O)CC3(C)[C@@]2(O1)C(=O)CO,BRD-A65449987,O=C1C=CC2C(=C1)CCC1C2CCC2C1CC1OCOC12
CCOc1nc2cccc(C(=O)OC(C)OC(=O)OC3CCCCC3)c2n1Cc4ccc(cc4)c5ccccc5c6nnn[nH]6,BRD-A65671304,O=C(OCOC(=O)c1cccc2ncn(Cc3ccc(-c4ccccc4-c4nnn[nH]4)cc3)c12)OC1CCCCC1
CC(=O)OCC(=O)[C@@]1(O)CCC2C3CCC4=CC(=O)CC[C@]4(C)C3[C@@H](O)C[C@@]21C,BRD-A65767837,O=C1C=C2CCC3C4CCCC4CCC3C2CC1
CC(Oc1ccccc1)C(=O)N[C@H]2[C@H]3SC(C)(C)[C@@H](N3C2=O)C(=O)O,BRD-A66025870,O=C(COc1ccccc1)NC1C(=O)N2CCSC12
C[C@@H]1CC[C@@]2(CC[C@]3(C)C(=CC[C@@H]4[C@@]5(C)C[C@@H](O)[C@H](O)[C@@](C)(CO)C5CC[C@]43C)[C@@H]2[C@H]1C)C(=O)O[C@@H]6O[C@H](COC7O[C@H](CO)[C@@H](OC8O[C@@H](C)[C@H](O)[C@@H](O)[C@H]8O)[C@H](O)[C@H]7O)[C@@H](O)[C@H](O)[C@H]6O,BRD-A66199457,O=C(OC1CCCC(COC2CCC(OC3CCCCO3)CO2)O1)C12CCCCC1C1=CCC3C4CCCCC4CCC3C1CC2
CC(=O)[C@H]1CCC2C3CCC4=CC(=O)CC[C@]4(C)C3CC[C@]12C,BRD-A67479912,O=C1C=C2CCC3C4CCCC4CCC3C2CC1
CCN(CC)CCOC(=O)C(CC1CCCO1)Cc2cccc3ccccc23,BRD-A67862938,c1ccc2c(CCCC3CCCO3)cccc2c1
COc1ccc(cc1)C2CC(=O)c3ccc(OC)cc3O2,BRD-A68039575,O=C1CC(c2ccccc2)Oc2ccccc21
CCCCCC(O)c1cccc(OCc2ccc3ccccc3n2)c1,BRD-A68281735,c1ccc(OCc2ccc3ccccc3n2)cc1
CN(C)CCC(c1ccc(Br)cc1)c2ccccn2,BRD-A68723818,c1ccc(Cc2ccccn2)cc1
C[C@@H]1O[C@@H](O[C@H]2C[C@@H](O)[C@]3(CO)C4[C@H](O)C[C@]5(C)[C@H](CC[C@]5(O)C4CC[C@]3(O)C2)C6=CC(=O)OC6)[C@H](O)[C@H](O)[C@H]1O,BRD-A68930007,O=C1C=C(C2CCC3C2CCC2C4CCC(OC5CCCCO5)CC4CCC23)CO1
COc1ccc(cc1)C2Sc3ccccc3N(CCN(C)C)C(=O)C2OC(=O)C,BRD-A69636825,O=C1CC(c2ccccc2)Sc2ccccc2N1
CC1CCc2cc(F)cc3c(=O)c(cn1c23)C(=O)O,BRD-A69777949,O=c1ccn2c3c(cccc13)CCC2
CC1C(CCC(C)(C)N1C)OC(=O)C(O)c2ccccc2,BRD-A69786436,O=C(Cc1ccccc1)OC1CCCNC1
CCC1NC(=O)C(C(O)C(C)C/C=C/C)N(C)C(=O)C(C(C)C)N(C)C(=O)C(CC(C)C)N(C)C(=O)C(CC(C)C)N(C)C(=O)C(C)NC(=O)C(C)NC(=O)C(CC(C)C)N(C)C(=O)C(NC(=O)C(CC(C)C)N(C)C(=O)CN(C)C1=O)C(C)C,BRD-A69815203,O=C1CNC(=O)CNC(=O)CNC(=O)CNC(=O)CNC(=O)CNC(=O)CNC(=O)CNC(=O)CNC(=O)CNC(=O)CN1
CC(O)Cn1c(C)ncc1[N+](=O)[O-],BRD-A70083328,c1c[nH]cn1
CCCNC(C)C(=O)Nc1c(C)csc1C(=O)OC,BRD-A70514680,c1ccsc1
C/C(=C(/CCO)\\SSCC1CCCO1)/N(Cc2cnc(C)nc2N)C=O,BRD-A71157293,C(=CSSCC1CCCO1)NCc1cncnc1
FC(C(F)(F)F)C(F)(F)Oc1cc(Cl)c(NC(=O)NC(=O)c2c(F)cccc2F)cc1Cl,BRD-A71774530,O=C(NC(=O)c1ccccc1)Nc1ccccc1
CCC(C)C(=O)O[C@H]1C[C@H](O)C=C2C=C[C@H](C)[C@H](CC[C@@H](O)C[C@@H](O)CC(=O)O)C12,BRD-A71816415,C1=CC2=CCCCC2CC1
O=C1NCN(c2ccccc2)C31CCN(CC4COc5ccccc5O4)CC3,BRD-A72483914,O=C1NCN(c2ccccc2)C12CCN(CC1COc3ccccc3O1)CC2
COc1ccc(CCCOC(Cn2ccnc2)c3ccc(OC)cc3)cc1,BRD-A72703248,c1ccc(CCCOC(Cn2ccnc2)c2ccccc2)cc1
CC(C(=O)O)c1ccc(s1)C(=O)c2ccccc2,BRD-A72988804,O=C(c1ccccc1)c1cccs1
CC(C)(C(=O)O)c1ccc(cc1)C(O)CCCN2CCC(CC2)C(O)(c3ccccc3)c4ccccc4,BRD-A73368467,c1ccc(CCCCN2CCC(C(c3ccccc3)c3ccccc3)CC2)cc1
CC(CO)NC(=O)C1CN(C)C2Cc3c[nH]c4cccc(C2=C1)c34,BRD-A73581086,C1=C2c3cccc4[nH]cc(c34)CC2NCC1
CCc1cccc2c3CCOC(CC)(CC(=O)O)c3[nH]c12,BRD-A74667430,c1ccc2c3c([nH]c2c1)COCC3
OC[C@H]1O[C@H](C(O)[C@H]1O)n2cnc3cc(Cl)c(Cl)cc23,BRD-A74904029,c1ccc2c(c1)ncn2C1CCCO1
COc1c(N2CCNC(C)C2)c(F)cc3c(=O)c(cn(C4CC4)c13)C(=O)O,BRD-A74980173,O=c1ccn(C2CC2)c2cc(N3CCNCC3)ccc12
C[C@@]12C[C@H](O)C3C(CCC4=CC(=O)CC[C@]34C)C2CC[C@]1(O)C(=O)CO,BRD-A75172220,O=C1C=C2CCC3C4CCCC4CCC3C2CC1
CN1C(C(=O)Nc2cc(C)on2)C(=O)c3ccccc3S1(=O)=O,BRD-A75552914,O=C(Nc1ccon1)C1NS(=O)(=O)c2ccccc2C1=O
CC(C)(C)NCC(O)c1cc(Cl)c(N)c(Cl)c1,BRD-A75726477,c1ccccc1
Cc1ccc2N=C3N(CCC3(O)C(=O)c2c1)c4ccccc4,BRD-A75817871,O=C1c2ccccc2N=C2C1CCN2c1ccccc1
CCn1cc(C(=O)O)c(=O)c2cc(F)c(N3CCNC(C)C3)c(F)c12,BRD-A75850590,O=c1cc[nH]c2cc(N3CCNCC3)ccc12
CN(C)CCOC(=O)C(c1ccccc1)C2(O)CCCC2,BRD-A77291778,c1ccc(CC2CCCC2)cc1
CC[C@H]1CN2CCC1C[C@H]2[C@H](O)c3ccnc4ccc(OC)cc34,BRD-A78295502,c1ccc2c(CC3CC4CCN3CC4)ccnc2c1
CN1C2CC[C@@H]1C[C@H](C2)OC(=O)[C@H](CO)c3ccccc3,BRD-A78303415,O=C(Cc1ccccc1)OC1CC2CCC(C1)N2
CC(CCc1ccc(O)cc1)NCCc2ccc(O)c(O)c2,BRD-A78322124,c1ccc(CCCNCCc2ccccc2)cc1
CN1CCOC(c2ccccc2)c3ccccc3C1,BRD-A78877355,c1ccc(C2OCCNCc3ccccc32)cc1
CN1[C@H]2CC[C@@H]1CC(C2)OC(=O)C3C=Nc4ccccc34,BRD-A79226577,O=C(OC1CC2CCC(C1)N2)C1C=Nc2ccccc21
CCN(Cc1ccncc1)C(=O)C(CO)c2ccccc2,BRD-A79672927,O=C(Cc1ccccc1)NCc1ccncc1
COc1ccc(OC)c(c1)C(O)CNC(=O)CN,BRD-A79981887,c1ccccc1
NS(=O)(=O)c1cc2c(NC(Cc3ccccc3)NS2(=O)=O)cc1C(F)(F)F,BRD-A80017228,O=S1(=O)NC(Cc2ccccc2)Nc2ccccc21
CC(C)CC1N2C(=O)[C@](NC(=O)C3CN(C)[C@@H]4Cc5c(Br)[nH]c6cccc(C4=C3)c56)(OC2(O)[C@@H]7CCCN7C1=O)C(C)C,BRD-A80151636,O=C(NC1OC2C3CCCN3C(=O)CN2C1=O)C1C=C2c3cccc4[nH]cc(c34)CC2NC1
CCCCC(=O)O[C@@]1([C@@H](C)CC2C3CCC4=CC(=O)C=C[C@]4(C)[C@@]3(F)C(O)C[C@@]21C)C(=O)CO,BRD-A80594172,O=C1C=CC2C(=C1)CCC1C3CCCC3CCC21
CC(N)Cc1ccc(O)cc1,BRD-A80871782,c1ccccc1
CN(C(Cc1ccc(OS(=O)(=O)c2cccc3cnccc23)cc1)C(=O)N4CCN(CC4)c5ccccc5)S(=O)(=O)c6cccc7cnccc67,BRD-A81177136,O=C(C(Cc1ccc(OS(=O)(=O)c2cccc3cnccc23)cc1)NS(=O)(=O)c1cccc2cnccc12)N1CCN(c2ccccc2)CC1
Clc1ccc(COC(Cn2ccnc2)c3ccc(Cl)cc3Cl)c(Cl)c1,BRD-A82396632,c1ccc(COC(Cn2ccnc2)c2ccccc2)cc1
CC[C@H](C)C(=O)O[C@H]1CCC=C2C=C[C@H](C)C(CCC3C[C@@H](O)CC(=O)O3)[C@@H]12,BRD-A83177971,O=C1CCCC(CCC2CC=CC3=CCCCC32)O1
CCC1(NC(=O)N(C)C1=O)c2ccccc2,BRD-A83937277,O=C1NC(=O)C(c2ccccc2)N1
CN1C(C(=O)Nc2ncc(C)s2)C(=O)c3ccccc3S1(=O)=O,BRD-A84174393,O=C(Nc1nccs1)C1NS(=O)(=O)c2ccccc2C1=O
NCC(CC(=O)O)c1ccc(Cl)cc1,BRD-A84174873,c1ccccc1
CN1C2CCC1CC(C2)OC(=O)c3cc(C)cc(C)c3,BRD-A84389633,O=C(OC1CC2CCC(C1)N2)c1ccccc1
Clc1ccc(cc1)C2CCC(CC2)C3C(=O)C(=O)c4ccccc4C3=O,BRD-A84493640,O=C1C(=O)C(C2CCC(c3ccccc3)CC2)C(=O)c2ccccc21
CN1C2CCC1CC(C2)OC(=O)c3cc(Cl)cc(Cl)c3,BRD-A85587465,O=C(OC1CC2CCC(C1)N2)c1ccccc1
COc1ccc2cc(ccc2c1)C(C)C(=O)O,BRD-A87719232,c1ccc2ccccc2c1
CC(C)(C)NCC(O)c1ccc(O)c(CO)c1,BRD-A88254928,c1ccccc1
Oc1cc2CCNCC(c3ccccc3)c2cc1O,BRD-A88548664,c1ccc(C2CNCCc3ccccc32)cc1
OC(C1CCCCN1)c2cc(nc3c(cccc23)C(F)(F)F)C(F)(F)F,BRD-A89585551,c1ccc2c(CC3CCCCN3)ccnc2c1
C[C@H](NC[C@H](O)CP(=O)(O)Cc1ccccc1)c2ccc(Cl)c(Cl)c2,BRD-A89672324,O=[PH](CCCNCc1ccccc1)Cc1ccccc1
CCC(=O)OCC(=O)[C@@]1(OC(=O)CC)[C@H](C)CC2C3[C@H](Cl)CC4=CC(=O)C=C[C@]4(C)C3[C@@H](O)C[C@@]21C,BRD-A90131694,O=C1C=CC2C(=C1)CCC1C3CCCC3CCC21
COc1ccccc1OCC(O)CO,BRD-A90515964,c1ccccc1
COC(=O)C1=C(C)NC(=C(C1c2cccc3nonc23)C(=O)OC(C)C)C,BRD-A90799790,C1=CC(c2cccc3nonc23)C=CN1
C[C@@]12CCC3C(CCc4cc(O)ccc34)C2CC[C@@H]1OC(=O)CCC5CCCC5,BRD-A91452556,O=C(CCC1CCCC1)OC1CCC2C1CCC1c3ccccc3CCC12
CC1(C)O[C@@H]2CC3C4CCC5=CC(=O)C=C[C@]5(C)[C@@]4(F)[C@@H](O)C[C@]3(C)[C@@]2(O1)C(=O)CO,BRD-A92439610,O=C1C=CC2C(=C1)CCC1C2CCC2C1CC1OCOC12
C[C@@]12CCC3C(CCC4=Cc5oncc5C[C@]34C)C2CC[C@@]1(O)C#C,BRD-A92537424,C1=C2CCC3C4CCCC4CCC3C2Cc2cnoc21
O[C@H]1CC[C@@]2(O)[C@H]3Cc4ccc(O)c5OC1[C@]2(CCN3CC6CCC6)c54,BRD-A92651262,c1cc2c3c(c1)OC1CCCC4C(C2)N(CC2CCC2)CCC314
CC(N)C(=O)Nc1c(C)cccc1C,BRD-A92670106,c1ccccc1
O=C1CCCC2C3CC(CN21)[C@@H]4CCCCN4C3,BRD-A92826379,O=C1CCCC2C3CC(CN12)C1CCCCN1C3
CC1(COc2ccc(CC3SC(=O)NC3=O)cc2)CCCCC1,BRD-A93000692,O=C1NC(=O)C(Cc2ccc(OCC3CCCCC3)cc2)S1
C[C@H]1O[C@H](C[C@H](O)[C@@H]1O)O[C@@H]2[C@@H](C)O[C@H](C[C@@H]2O)O[C@@H]3[C@@H](C)O[C@H](C[C@@H]3O)O[C@H]4CC[C@@]5(C)[C@H](CCC6C5CC[C@]7(C)[C@H](CC[C@]67O)C8=CC(=O)OC8)C4,BRD-A93236127,O=C1C=C(C2CCC3C2CCC2C4CCC(OC5CCC(OC6CCC(OC7CCCCO7)CO6)CO5)CC4CCC23)CO1
Clc1ccc(C(Cn2ccnc2)OCc3c(Cl)cccc3Cl)c(Cl)c1,BRD-A93353767,c1ccc(COC(Cn2ccnc2)c2ccccc2)cc1
C[C@@H]1CC2C3CCC4=CC(=O)C=C[C@]4(C)[C@@]3(F)[C@@H](O)C[C@]2(C)[C@@]1(O)C(=O)COC(=O)C,BRD-A93424738,O=C1C=CC2C(=C1)CCC1C3CCCC3CCC21
c1cn(cn1)C(c2ccccc2)c3ccc(cc3)c4ccccc4,BRD-A94543220,c1ccc(-c2ccc(C(c3ccccc3)n3ccnc3)cc2)cc1
CCCC(=O)Nc1ncnc2n(cnc12)[C@@H]3O[C@@H]4COP(=O)(O)O[C@H]4[C@H]3OC(=O)CCC,BRD-A94624445,O=[PH]1OCC2OC(n3cnc4cncnc43)CC2O1
Oc1ccc(cc1)C2CC(=O)c3c(O)cc(O)cc3O2,BRD-A94669766,O=C1CC(c2ccccc2)Oc2ccccc21
Cc1cc(C)cc(OCC2CNC(=O)O2)c1,BRD-A94709349,O=C1NCC(COc2ccccc2)O1
C[C@H]1O[C@H](C[C@H](O)[C@@H]1O)O[C@@H]2[C@@H](C)O[C@H](C[C@@H]2O)O[C@@H]3[C@@H](C)O[C@H](C[C@@H]3O)O[C@H]4CC[C@@]5(C)[C@H](CCC6C5C[C@@H](O)[C@]7(C)[C@H](CC[C@]67O)C8=CC(=O)OC8)C4,BRD-A94756469,O=C1C=C(C2CCC3C2CCC2C4CCC(OC5CCC(OC6CCC(OC7CCCCO7)CO6)CO5)CC4CCC23)CO1
Fc1ccc(cc1)N2CCN(CCC3OCCc4ccccc34)CC2,BRD-A95096829,c1ccc(N2CCN(CCC3OCCc4ccccc43)CC2)cc1
CC(=O)O[C@@]1(CCC2C3C=C(Cl)C4=CC(=O)[C@@H]5C[C@@H]5[C@]4(C)C3CC[C@@]21C)C(=O)C,BRD-A95207036,O=C1C=C2C=CC3C4CCCC4CCC3C2C2CC12
Oc1ccc2C3Oc4cc5OCOc5cc4C3COc2c1,BRD-A95445494,c1ccc2c(c1)OCC1c3cc4c(cc3OC21)OCO4
C[C@@]12CCC3C(CCC4=CC(=O)C=C[C@]34C)C2CCC1=O,BRD-A95513702,O=C1C=CC2C(=C1)CCC1C2CCC2C(=O)CCC21
CC1Cc2ccccc2N1NC(=O)c3ccc(Cl)c(c3)S(=O)(=O)N,BRD-A95869247,O=C(NN1CCc2ccccc21)c1ccccc1
Clc1ccc(C(Cn2ccnc2)OCc3csc4c(Cl)cccc34)c(Cl)c1,BRD-A95939040,c1ccc(C(Cn2ccnc2)OCc2csc3ccccc23)cc1
CCOC(=O)C1CN(Cc2ccccc2)C(=O)C1=O,BRD-A96485169,O=C1CCN(Cc2ccccc2)C1=O
CC12CC=C3C(CCC4=CC(=O)C=CC43C)C2CC[C@@H]1C(=O)CN5CCN(CC5)c6cc(nc(n6)N7CCCC7)N8CCCC8,BRD-A96897502,O=C1C=CC2C(=C1)CCC1C2=CCC2C(C(=O)CN3CCN(c4cc(N5CCCC5)nc(N5CCCC5)n4)CC3)CCC12
CC(Cc1ccc(O)cc1)NCC(O)c2cc(O)cc(O)c2,BRD-A97104540,c1ccc(CCNCCc2ccccc2)cc1
CN(CCOc1ccc(CC2SC(=O)NC2=O)cc1)c3ccccn3,BRD-A97437073,O=C1NC(=O)C(Cc2ccc(OCCNc3ccccn3)cc2)S1
CCN1CCCC(C1)OC(=O)C(c2ccccc2)c3ccccc3,BRD-A97479839,O=C(OC1CCCNC1)C(c1ccccc1)c1ccccc1
COc1ccccc1OCC(O)CN2CCN(CC(=O)Nc3c(C)cccc3C)CC2,BRD-A97674275,O=C(CN1CCN(CCCOc2ccccc2)CC1)Nc1ccccc1
CC(C)NCC(O)COc1cccc2[nH]ccc12,BRD-A97701745,c1ccc2[nH]ccc2c1
CC(CNC1CCCCC1)OC(=O)c2ccccc2,BRD-A97730597,O=C(OCCNC1CCCCC1)c1ccccc1
CC(C(=O)O)c1cccc(c1)C(=O)c2ccccc2,BRD-A97739905,O=C(c1ccccc1)c1ccccc1
Nc1c2C(O)CCCc2nc3ccccc13,BRD-A98299281,c1ccc2nc3c(cc2c1)CCCC3
CCN1C[C@]2(C)CC[C@H](OC)[C@@]34[C@@H]2[C@H](OC(=O)C)[C@@]5(OCO[C@]65C[C@H](OC)[C@H]7C[C@]4(O)[C@@H]6[C@H]7OC)C13,BRD-A99177642,C1CC2CNC3C4(C1)C2CC31OCOC12CCC1CC4C2C1
CCOc1ccc2ccccc2c1NC(=O)[C@H]3[C@H]4SC(C)(C)C(N4C3=O)C(=O)O,BRD-A99402294,O=C(Nc1cccc2ccccc12)C1C(=O)N2CCSC12
COc1c2CC(Oc2nc3ccccc13)C(C)(O)CO,BRD-A99571536,c1ccc2nc3c(cc2c1)CCO3
Cc1coc-2c1C(=O)C(=O)c3c4CCCC(C)(C)c4ccc23,BRD-K00141480,O=C1C(=O)c2c(ccc3c2CCCC3)-c2occc21
O=Cc1c2[nH]c3ccccc3c2cc4[nH]c5ccccc5c14,BRD-K00184207,c1ccc2c(c1)[nH]c1cc3c(cc12)[nH]c1ccccc13
COc1cc2CC[C@H](NC(=O)C)c3cc(=O)c(OC)ccc3-c2c(OC)c1OC,BRD-K00259736,O=c1cccc2c(c1)CCCc1ccccc1-2
Clc1ccccc1CN2CCc3sccc3C2,BRD-K00603606,c1ccc(CN2CCc3sccc3C2)cc1
Cc1nnc2ccc(nn12)c3cccc(c3)C(F)(F)F,BRD-K00662280,c1ccc(-c2ccc3nncn3n2)cc1
NC(=Nc1nc(CSCC/C(=N\\S(=O)(=O)N)/N)cs1)N,BRD-K00673382,c1cscn1
CC1(C)O[C@@H]2C[C@H]3[C@@H]4C[C@H](F)C5=CC(=O)CC[C@]5(C)[C@H]4[C@@H](O)C[C@]3(C)[C@@]2(O1)C(=O)CO,BRD-K00824317,O=C1C=C2CCC3C(CCC4C3CC3OCOC34)C2CC1
CC(C)(C)NC(=O)[C@H]1CC[C@H]2[C@@H]3CC[C@H]4NC(=O)C=C[C@]4(C)[C@H]3CC[C@]12C,BRD-K01095011,O=C1C=CC2C(CCC3C4CCCC4CCC23)N1
Cc1onc(c1C(=O)N[C@H]2[C@H]3SC(C)(C)[C@@H](N3C2=O)C(=O)O)c4ccccc4Cl,BRD-K01244426,O=C(NC1C(=O)N2CCSC12)c1conc1-c1ccccc1
Fc1ccc(cc1)C(CCCN2CCC(CC2)n3c(=O)[nH]c4ccccc34)c5ccc(F)cc5,BRD-K01292756,O=c1[nH]c2ccccc2n1C1CCN(CCCC(c2ccccc2)c2ccccc2)CC1
O=C(CC(=O)c1ccccc1)c2ccccc2,BRD-K01555864,O=C(CC(=O)c1ccccc1)c1ccccc1
CC/C=C\\C/C=C\\C/C=C\\CCCCCCCCCCCC(=O)O,BRD-K01624546,
CN1CCc2c(Cc3ccccc3CC1)[nH]c4ccccc24,BRD-K01648091,c1ccc2c(c1)CCNCCc1c([nH]c3ccccc13)C2
OC(CCCN1CCCCC1)(c2ccccc2)c3ccccc3,BRD-K01663662,c1ccc(C(CCCN2CCCCC2)c2ccccc2)cc1
OCc1c[nH]c2ccccc12,BRD-K01815685,c1ccc2[nH]ccc2c1
CCCn1c(=O)n(CCC)c2[nH]c(nc2c1=O)C3CCCC3,BRD-K01824921,O=c1[nH]c(=O)c2nc(C3CCCC3)[nH]c2[nH]1
COc1cc(N)c(Cl)cc1C(=O)OCCCN2CCCCC2,BRD-K01868942,O=C(OCCCN1CCCCC1)c1ccccc1
Cc1cccc(Nc2cc(Cl)nc(SCC(=O)O)n2)c1C,BRD-K01902415,c1ccc(Nc2ccncn2)cc1
Clc1ccc2Oc3ccccc3N=C(N4CCNCC4)c2c1,BRD-K02265150,c1ccc2c(c1)N=C(N1CCNCC1)c1ccccc1O2
CN(C)CCn1nnnc1SCC2=C(N3[C@H](SC2)[C@H](NC(=O)Cc4csc(N)n4)C3=O)C(=O)O,BRD-K02275692,O=C(Cc1cscn1)NC1C(=O)N2C=C(CSc3nnn[nH]3)CSC12
CCN1CCN(C(=O)N[C@@H](C(=O)N[C@H]2[C@H]3SCC(=C(N3C2=O)C(=O)O)CSc4nnnn4C)c5ccc(O)cc5)C(=O)C1=O,BRD-K02292852,O=C1NCCN(C(=O)NC(C(=O)NC2C(=O)N3C=C(CSc4nnn[nH]4)CSC23)c2ccccc2)C1=O
Cn1cnc2n(C)c(=O)n(C)c(=O)c12,BRD-K02404261,O=c1[nH]c(=O)c2[nH]cnc2[nH]1
CCCCc1ccc2[nH]c(NC(=O)OC)nc2c1,BRD-K02407574,c1ccc2[nH]cnc2c1
COc1cc2CC[N+](C)(C)[C@@H]3Cc4ccc(O)c(Oc5cc6[C@H](Cc7cccc(Oc(c1O)c32)c7)N(C)CCc6cc5OC)c4,BRD-K02607075,c1cc2cc(c1)Oc1ccc3c(c1)C(Cc1cccc(c1)Oc1cccc4c1C(C2)[NH2+]CC4)NCC3
Cc1ccc(cc1)c2cc(nn2c3ccc(cc3)S(=O)(=O)N)C(F)(F)F,BRD-K02637541,c1ccc(-c2ccnn2-c2ccccc2)cc1
COc1ccc2[C@H](OC(=O)c2c1OC)[C@@H]3N(C)CCc4cc5OCOc5cc34,BRD-K02715688,O=C1OC(C2NCCc3cc4c(cc32)OCO4)c2ccccc21
COC(=O)Nc1nc2cc(SC(C)C)ccc2[nH]1,BRD-K02764365,c1ccc2[nH]cnc2c1
Cc1cc(nnc1NCCN2CCOCC2)c3ccccc3,BRD-K02867583,c1ccc(-c2ccc(NCCN3CCOCC3)nn2)cc1
C[C@@H]1O[C@@H](O[C@@H]2[C@@H](O)[C@H](O)[C@@H](CO)O[C@H]2Oc3cc(O)c4C(=O)C[C@H](Oc4c3)c5ccc(O)cc5)[C@H](O)[C@H](O)[C@H]1O,BRD-K02953697,O=C1CC(c2ccccc2)Oc2cc(OC3OCCCC3OC3CCCCO3)ccc21
CC[C@H]1CN2CCc3cc(OC)c(OC)cc3[C@@H]2C[C@@H]1C[C@H]4NCCc5cc(OC)c(OC)cc45,BRD-K03067624,c1ccc2c(c1)CCNC2CC1CCN2CCc3ccccc3C2C1
CNCCC[C@]1(CC[C@H]2c3ccccc31)c4ccccc24,BRD-K03319035,c1ccc2c(c1)C1CCC2c2ccccc21
CC(=C)[C@H]1O[C@H]2CC[C@]3(C)[C@]4(C)[C@@H](CC[C@@]3(O)[C@@]52O[C@@H]5[C@H]1O)[C@@H]6OC(C)(C)[C@H]7C[C@@H]8C(=C)Cc9c(Cl)cc%10[nH]c4c6c%10c9[C@@]87O,BRD-K03842655,C=C1Cc2ccc3[nH]c4c5c3c2C2C(COC5C3CCC5C(CCC6OCCC7OC675)C43)CC12
C[C@@]12CC[C@H]3[C@@H](CCC4=CC(=O)CC[C@]34C)[C@@H]2CC[C@@]1(O)C#C,BRD-K03981224,O=C1C=C2CCC3C4CCCC4CCC3C2CC1
CCCCC[C@H](O)/C=C/[C@H]1C=CC(=O)[C@@H]1CCCCCCC(=O)O,BRD-K04010869,O=C1C=CCC1
CCN1CCC[C@H]1CNC(=O)c2c(O)c(Cl)cc(Cl)c2OC,BRD-K04111260,O=C(NCC1CCCN1)c1ccccc1
CCCCOc1cc(ccc1N)C(=O)OCCN(CC)CC,BRD-K04185004,c1ccccc1
[O-][N+](=O)c1cccc2cn[nH]c12,BRD-K04430056,c1ccc2[nH]ncc2c1
Clc1ccc(Cn2c(CN3CCCC3)nc4ccccc24)cc1,BRD-K04704168,c1ccc(Cn2c(CN3CCCC3)nc3ccccc32)cc1
OC(=O)c1cn(C2CC2)c3cc(N4CCNCC4)c(F)cc3c1=O,BRD-K04804440,O=c1ccn(C2CC2)c2cc(N3CCNCC3)ccc12
CSCC[C@H](NC(=O)[C@H](Cc1ccccc1)NC[C@@H](NC[C@@H](N)CS)C(C)C)C(=O)O,BRD-K04877770,c1ccccc1
OC1(CCN(Cc2c[nH]c3ccccc23)CC1)c4ccc(Cl)cc4,BRD-K05181463,c1ccc(C2CCN(Cc3c[nH]c4ccccc34)CC2)cc1
Oc1cc(O)c2c(=O)cc(oc2c1)c3ccc(O)c(O)c3,BRD-K05236810,O=c1cc(-c2ccccc2)oc2ccccc12
CN1CCC[C@H]1c2cccnc2,BRD-K05395900,c1cncc(C2CCCN2)c1
NC(=N)NCCNS(=O)(=O)c1cccc2cnccc12,BRD-K05434375,c1ccc2cnccc2c1
Clc1ccc(cc1)N2CCN(Cc3c[nH]c4ncccc34)CC2,BRD-K05528470,c1ccc(N2CCN(Cc3c[nH]c4ncccc34)CC2)cc1
CCCCCCCCCC(=O)N[C@H](CN1CCOCC1)[C@H](O)c2ccccc2,BRD-K05653692,c1ccc(CCCN2CCOCC2)cc1
Cc1onc(c1C(=O)N[C@H]2[C@H]3SC(C)(C)[C@@H](N3C2=O)C(=O)O)c4c(Cl)cccc4Cl,BRD-K05673000,O=C(NC1C(=O)N2CCSC12)c1conc1-c1ccccc1
CCN(CC)C(=O)N[C@@H]1C[C@H]2[C@@H](Cc3c[nH]c4cccc2c34)N(C)C1,BRD-K05901394,c1cc2c3c(c[nH]c3c1)CC1NCCCC21
OC(Cn1cncn1)(Cn2cncn2)c3ccc(F)cc3F,BRD-K05977355,c1ccc(C(Cn2cncn2)Cn2cncn2)cc1
CN1CCN(CC(=O)N2c3c(C)scc3C(=O)Nc4ccccc24)CC1,BRD-K06147391,O=C1Nc2ccccc2N(C(=O)CN2CCNCC2)c2cscc21
CCN(CC)CCOCCOC(=O)C1(CCCC1)c2ccccc2,BRD-K06181161,c1ccc(C2CCCC2)cc1
COc1ccc(CCN(C)CCc2ccc(OC)c(OC)c2)cc1OC,BRD-K06208435,c1ccc(CCNCCc2ccccc2)cc1
Cn1cc(C2=C(C(=O)NC2=O)c3cn(CCCSC(=N)N)c4ccccc34)c5ccccc15,BRD-K06543683,O=C1NC(=O)C(c2c[nH]c3ccccc23)=C1c1c[nH]c2ccccc12
CC1(C)CCC(C)(C)c2cc(ccc21)C(=O)Nc3ccc(cc3)C(=O)O,BRD-K06854232,O=C(Nc1ccccc1)c1ccc2c(c1)CCCC2
Nc1cc(nc(N)[n+]1[O-])N2CCCCC2,BRD-K06902185,c1cc(N2CCCCC2)nc[nH+]1
COc1cc(Cc2cnc(N)nc2N)cc(OC)c1OC,BRD-K07208025,c1ccc(Cc2cncnc2)cc1
C(/C=C/c1ccccc1)N2CCN(CC2)C(c3ccccc3)c4ccccc4,BRD-K07220430,C(=Cc1ccccc1)CN1CCN(C(c2ccccc2)c2ccccc2)CC1
COc1cc(/C=C/C(=O)CC(=O)\\C=C\\c2ccc(O)c(OC)c2)ccc1O,BRD-K07572174,O=C(C=Cc1ccccc1)CC(=O)C=Cc1ccccc1
CCN(CC)CCNC(=O)c1ccc(NC(=O)C)cc1,BRD-K07753030,c1ccccc1
C[C@@]1(C[C@@H](O)[C@]2(O)C=CO[C@@H](O[C@@H]3O[C@H](CO)[C@@H](O)[C@H](O)[C@H]3O)[C@H]12)OC(=O)/C=C/c4ccccc4,BRD-K07996107,O=C(C=Cc1ccccc1)OC1CCC2C=COC(OC3CCCCO3)C21
CCC[C@@H]1C[C@H](N(C)C1)C(=O)N[C@@H]([C@H](C)O)[C@H]2O[C@H](SC)[C@H](O)[C@@H](O)[C@H]2O,BRD-K08033334,O=C(NCC1CCCCO1)C1CCCN1
COc1cc2CCN(C)[C@H]3Cc4ccc(OC)c(Oc5ccc(C[C@@H]6N(C)CCc7cc(OC)c(Oc(c1OC)c32)cc67)cc5)c4,BRD-K08078237,c1cc2cc(c1)Oc1ccc(cc1)CC1NCCc3ccc(cc31)Oc1cccc3c1C(C2)NCC3
Oc1c(c2cccc(Oc3ccccc3)c2)c(=O)[nH]c4cc(Cl)ccc14,BRD-K08109516,O=c1[nH]c2ccccc2cc1-c1cccc(Oc2ccccc2)c1
OC(=O)Cc1ccccc1Nc2c(Cl)cccc2Cl,BRD-K08252256,c1ccc(Nc2ccccc2)cc1
COC1=CC(=O)C[C@@H](C)[C@@]21Oc3c(C2=O)c(OC)cc(OC)c3Cl,BRD-K08273968,O=C1C=CC2(CC1)Oc1ccccc1C2=O
CCOP(=S)(OCC)Oc1nc(Cl)c(Cl)cc1Cl,BRD-K08303368,c1ccncc1
CCCSP(=O)(OCC)SCCC,BRD-K08556791,
CN(C)S(=O)(=O)c1ccc2Sc3ccccc3N(CCCN4CCN(C)CC4)c2c1,BRD-K08619574,c1ccc2c(c1)Sc1ccccc1N2CCCN1CCNCC1
Oc1ccc(cc1)[C@@H]2CC(=O)c3c(O)cc(O)cc3O2,BRD-K08832567,O=C1CC(c2ccccc2)Oc2ccccc21
CCCCC/C=C\\C/C=C\\CCCCCCCC(=O)O,BRD-K08973992,
NC1CCN(CC1)c2cccc(Cl)n2,BRD-K09397065,c1ccc(N2CCCCC2)nc1
CC[C@H](C)C(=O)O[C@H]1C[C@@H](C)C=C2C=C[C@H](C)[C@H](CC[C@@H]3C[C@@H](O)CC(=O)O3)[C@@H]12,BRD-K09416995,O=C1CCCC(CCC2CC=CC3=CCCCC32)O1
COC1=CC(=O)O[C@H](C1)/C=C/c2ccccc2,BRD-K09497549,O=C1C=CCC(C=Cc2ccccc2)O1
CCCCCCCCCCCCCC(=O)N[C@@H](C)[C@H](O)c1ccccc1,BRD-K09635134,c1ccccc1
c1ccc2c(c1)cc3ccc4cccc5ccc2c3c45,BRD-K09668667,c1ccc2c(c1)cc1ccc3cccc4ccc2c1c34
CCCCCCN(CCCCCC)C(=O)Cc1c([nH]c2ccccc12)c3ccc(F)cc3,BRD-K09778810,c1ccc(-c2cc3ccccc3[nH]2)cc1
CC[N+](C)(CC)CCOC(=O)C1c2ccccc2Oc3ccccc13,BRD-K09859624,c1ccc2c(c1)Cc1ccccc1O2
CC(C)(C)NC(=O)[C@@H]1C[C@@H]2CCCC[C@@H]2CN1C[C@@H](O)[C@H](Cc3ccccc3)NC(=O)[C@H](CC(=O)N)NC(=O)c4ccc5ccccc5n4,BRD-K09963420,O=C(CNC(=O)c1ccc2ccccc2n1)NC(CCN1CCC2CCCCC2C1)Cc1ccccc1
Clc1ccc2Nc3ccccc3C(=Nc2c1)N4CCNCC4,BRD-K10042277,c1ccc2c(c1)N=C(N1CCNCC1)c1ccccc1N2
Oc1cccc2C(=O)c3cccc(O)c3C(=O)c12,BRD-K10065684,O=C1c2ccccc2C(=O)c2ccccc21
Oc1c(C(=O)C2CC2)c(=O)[nH]c3cc(Cl)ccc13,BRD-K10176267,O=C(c1cc2ccccc2[nH]c1=O)C1CC1
CN(C)CCOC(=O)COc1ccc(Cl)cc1,BRD-K10314788,c1ccccc1
OC(=O)c1cc(/N=N/c2ccc(cc2)S(=O)(=O)Nc3ccccn3)ccc1O,BRD-K10670311,O=S(=O)(Nc1ccccn1)c1ccc(N=Nc2ccccc2)cc1
Nc1ccc(cc1)S(=O)(=O)Nc2ccnn2c3ccccc3,BRD-K10671814,O=S(=O)(Nc1ccnn1-c1ccccc1)c1ccccc1
Oc1ccc(/C=C(/C#N)\\C(=O)OC\\C=C\\c2ccccc2)cc1O,BRD-K10870738,O=C(C=Cc1ccccc1)OCC=Cc1ccccc1
OCCN1CCN(CCCN2c3ccccc3Sc4ccc(Cl)cc24)CC1,BRD-K10995081,c1ccc2c(c1)Sc1ccccc1N2CCCN1CCNCC1
Cc1ccc(C)c(OCCCC(C)(C)C(=O)O)c1,BRD-K11129031,c1ccccc1
CCn1cc(C(=O)O)c(=O)c2cc(F)c(cc12)N3CCNCC3,BRD-K11196887,O=c1cc[nH]c2cc(N3CCNCC3)ccc12
NC(=N)NC(=N)NCCc1ccccc1,BRD-K11399644,c1ccccc1
Cc1cc(C)nc(NS(=O)(=O)c2ccc(N)cc2)n1,BRD-K11640013,O=S(=O)(Nc1ncccn1)c1ccccc1
CCc1oc2ccccc2c1C(=O)c3cc(Br)c(O)c(Br)c3,BRD-K11717138,O=C(c1ccccc1)c1coc2ccccc12
Cc1ccc(cc1)/C(=C\\CN2CCCC2)/c3ccccn3,BRD-K11742128,C(CN1CCCC1)=C(c1ccccc1)c1ccccn1
[O-][N+](=O)c1ccc(/C=N/N2CCOC2=O)o1,BRD-K11756522,O=C1OCCN1N=Cc1ccco1
O=C(CCNNC(=O)c1ccncc1)NCc2ccccc2,BRD-K12102668,O=C(CCNNC(=O)c1ccncc1)NCc1ccccc1
Cc1cnc(cn1)C(=O)NCCc2ccc(cc2)S(=O)(=O)NC(=O)NC3CCCCC3,BRD-K12219985,O=C(NC1CCCCC1)NS(=O)(=O)c1ccc(CCNC(=O)c2cnccn2)cc1
COc1cc(O)c(C(=O)C)c(OC)c1,BRD-K12260308,c1ccccc1
OC(=O)CCC(=O)c1ccc(cc1)c2ccccc2,BRD-K12513978,c1ccc(-c2ccccc2)cc1
CN(C)c1c(C)n(C)n(c2ccccc2)c1=O,BRD-K12568846,O=c1cc[nH]n1-c1ccccc1
N/C(=N\\C(=O)c1nc(Cl)c(N)nc1N)/NCc2ccc(Cl)cc2Cl,BRD-K12906962,O=C(N=CNCc1ccccc1)c1cnccn1
Cc1onc(c1c2ccc(cc2)S(=O)(=O)N)c3ccccc3,BRD-K12994359,c1ccc(-c2conc2-c2ccccc2)cc1
Cc1c(noc1c2ccc(Cl)cc2)C3CCN(CCc4ccccc4)CC3,BRD-K13211965,c1ccc(CCN2CCC(c3cc(-c4ccccc4)on3)CC2)cc1
CCCN1CCC[C@@H]2Cc3nc(N)ncc3C[C@H]21,BRD-K13261168,c1ncc2c(n1)CC1CCCNC1C2
CC[C@@H]1NC(=O)[C@H]([C@H](O)[C@H](C)C/C=C/C)N(C)C(=O)[C@H](C(C)C)N(C)C(=O)[C@H](CC(C)C)N(C)C(=O)[C@H](CC(C)C)N(C)C(=O)[C@@H](C)NC(=O)[C@H](C)NC(=O)[C@H](CC(C)C)N(C)C(=O)[C@@H](NC(=O)[C@H](CC(C)C)N(C)C(=O)CN(C)C1=O)C(C)C,BRD-K13533483,O=C1CNC(=O)CNC(=O)CNC(=O)CNC(=O)CNC(=O)CNC(=O)CNC(=O)CNC(=O)CNC(=O)CNC(=O)CN1
CCCN1CCc2cccc-3c2[C@H]1Cc4ccc(O)c(O)c43,BRD-K13544237,c1ccc2c(c1)CC1NCCc3cccc-2c31
C1CN2Cc3ccccc3N=C2C1,BRD-K13819402,c1ccc2c(c1)CN1CCCC1=N2
CCCc1nc(C)c2c(=O)[nH]c(nn12)c3cc(ccc3OCC)S(=O)(=O)N4CCN(CC)CC4,BRD-K13926615,O=c1[nH]c(-c2cccc(S(=O)(=O)N3CCNCC3)c2)nn2cncc12
CC(C)NC[C@H](O)COc1cccc2ccccc12,BRD-K13994703,c1ccc2ccccc2c1
CN/C(=C/[N+](=O)[O-])/NCCSCc1ccc(CN(C)C)o1,BRD-K14204120,c1ccoc1
Nc1ccc(CCN2CCN(CC2)c3cccc(c3)C(F)(F)F)cc1,BRD-K14282469,c1ccc(CCN2CCN(c3ccccc3)CC2)cc1
CC(C)C[C@@H]1N2C(=O)[C@](NC(=O)[C@H]3CN(C)[C@@H]4Cc5c(Br)[nH]c6cccc(C4=C3)c56)(O[C@@]2(O)[C@@H]7CCCN7C1=O)C(C)C,BRD-K14496212,O=C(NC1OC2C3CCCN3C(=O)CN2C1=O)C1C=C2c3cccc4[nH]cc(c34)CC2NC1
COc1ccc(/C=C/c2cc(O)cc(O[C@@H]3O[C@H](CO)[C@@H](O)[C@H](O)[C@H]3O)c2)cc1,BRD-K14536225,C(=Cc1cccc(OC2CCCCO2)c1)c1ccccc1
CCn1nc(C(=O)O)c(=O)c2cc3OCOc3cc12,BRD-K14704277,O=c1cn[nH]c2cc3c(cc12)OCO3
Nc1ccc(cc1)S(=O)(=O)Nc2nccs2,BRD-K14705039,O=S(=O)(Nc1nccs1)c1ccccc1
COc1ccc2cc3-c4cc5OCOc5cc4CC[n+]3cc2c1OC,BRD-K14796088,c1ccc2c[n+]3c(cc2c1)-c1cc2c(cc1CC3)OCO2
FC(F)(F)Oc1ccc(NN=C(C#N)C#N)cc1,BRD-K14821540,c1ccccc1
Nc1cc(nc(=N)n1O)N2CCCCC2,BRD-K14888893,N=c1nc(N2CCCCC2)cc[nH]1
Cc1ccc(cc1)S(=O)(=O)/C=C/C#N,BRD-K15025317,c1ccccc1
C1CCN(CC1)C2(CCCCC2)c3cc4ccccc4s3,BRD-K15519488,c1ccc2sc(C3(N4CCCCC4)CCCCC3)cc2c1
Oc1ccc(CCC(=O)c2c(O)cc(O)cc2O)cc1,BRD-K15563106,O=C(CCc1ccccc1)c1ccccc1
COc1ccc(Cc2nccc3cc(OC)c(OC)cc23)cc1OC,BRD-K15567136,c1ccc(Cc2nccc3ccccc23)cc1
CN1CCN(CC1)C2=Nc3cc(F)ccc3Cc4ccccc24,BRD-K15715913,c1ccc2c(c1)Cc1ccccc1C(N1CCNCC1)=N2
CCN(CC)CCOC(=O)c1cc(Cl)c(N)cc1OC,BRD-K15868788,c1ccccc1
CCCN(CCC)CCc1cccc2NC(=O)Cc21,BRD-K15933101,O=C1Cc2ccccc2N1
Cc1cc(c(O)c(C)c1CC2=NCCN2)C(C)(C)C,BRD-K16195444,c1ccc(CC2=NCCN2)cc1
CC(=O)Nc1cccc(O)c1,BRD-K16474819,c1ccccc1
CN1C(=O)CN=C(c2ccccc2)c3cc(Cl)ccc13,BRD-K16508793,O=C1CN=C(c2ccccc2)c2ccccc2N1
CCCOc1ccccc1c2nc3[nH]nnc3c(=O)[nH]2,BRD-K16542329,O=c1[nH]c(-c2ccccc2)nc2[nH]nnc12
Cn1c2CCNCCc2c3ccccc13,BRD-K16551401,c1ccc2c3c([nH]c2c1)CCNCC3
CCCN1CCc2cc(O)cc-3c2[C@H]1Cc4ccc(O)c(O)c43,BRD-K16604360,c1ccc2c(c1)CC1NCCc3cccc-2c31
C[C@@]12CC[C@H]3[C@@H](CCc4cc(O)ccc34)[C@@H]2C[C@@H](O)[C@@H]1O,BRD-K17016787,c1ccc2c(c1)CCC1C2CCC2CCCC21
COc1cc(N)c(Cl)cc1C(=O)NC2CCN(Cc3ccccc3)CC2,BRD-K17294426,O=C(NC1CCN(Cc2ccccc2)CC1)c1ccccc1
COc1ccccc1N2CCN(CCCCNC(=O)c3ccc4ccccc4c3)CC2,BRD-K17378184,O=C(NCCCCN1CCN(c2ccccc2)CC1)c1ccc2ccccc2c1
OC(CCN1CCCCC1)(c2ccccc2)c3ccccc3,BRD-K17565903,c1ccc(C(CCN2CCCCC2)c2ccccc2)cc1
C[C@H]1C[C@H]2[C@@H]3C[C@H](F)C4=CC(=O)C=C[C@]4(C)[C@@]3(F)[C@@H](O)C[C@]2(C)[C@@]1(OC(=O)C)C(=O)COC(=O)C,BRD-K17674993,O=C1C=CC2C(=C1)CCC1C3CCCC3CCC21
CN[C@@H]1C[C@H]2O[C@@](C)([C@@H]1OC)n3c4ccccc4c5c6CNC(=O)c6c7c8ccccc8n2c7c35,BRD-K17953061,O=C1NCc2c1c1c3ccccc3n3c1c1c2c2ccccc2n1C1CCCC3O1
CCCCC/C=C\\C/C=C\\C/C=C\\CCCCC(=O)O,BRD-K18059238,
CCCOc1cc(N)ccc1C(=O)OCCN(CC)CC,BRD-K18250272,c1ccccc1
C[C@@]12CC[C@H]3[C@@H](CC[C@@H]4C[C@@H](O)CC[C@@]43C)[C@@]2(O)CC[C@@H]1C5=CC(=O)OC5,BRD-K18518344,O=C1C=C(C2CCC3C2CCC2C4CCCCC4CCC23)CO1
COc1c(O)cc2C(=O)O[C@H]3[C@@H](O)[C@H](O)[C@@H](CO)O[C@@H]3c2c1O,BRD-K18550767,O=C1OC2CCCOC2c2ccccc21
N/C(=C(/C#N)\\C(=C(/N)\\Sc1ccccc1N)\\C#N)/Sc2ccccc2N,BRD-K18787491,C(C=CSc1ccccc1)=CSc1ccccc1
C[C@@]12CC[C@H]3[C@@H](CCc4cc(O)ccc34)[C@@H]2CC[C@@H]1O,BRD-K18910433,c1ccc2c(c1)CCC1C2CCC2CCCC21
CN(C)C(=O)Oc1cccc(c1)[N+](C)(C)C,BRD-K18922609,c1ccccc1
CC(C)(Oc1ccc(Cl)cc1)C(=O)O,BRD-K19111024,c1ccccc1
Oc1ccc(cc1)C2(OC(=O)c3ccccc32)c4ccc(O)cc4,BRD-K19227686,O=C1OC(c2ccccc2)(c2ccccc2)c2ccccc21
CC(C)c1c(O)c(O)c(C=O)c2c(O)c(c(C)cc12)c3c(C)cc4c(C(C)C)c(O)c(O)c(C=O)c4c3O,BRD-K19295594,c1ccc2cc(-c3ccc4ccccc4c3)ccc2c1
C(CN1CCOCC1)Nc2cc3CCCc4ccccc4-c3nn2,BRD-K19309090,c1ccc2c(c1)CCCc1cc(NCCN3CCOCC3)nnc1-2
CN1CCN(CCCN2c3ccccc3Sc4ccc(Cl)cc24)CC1,BRD-K19352500,c1ccc2c(c1)Sc1ccccc1N2CCCN1CCNCC1
CC(C)[C@@H]1N2C(=O)[C@](NC(=O)[C@H]3CN(C)[C@@H]4Cc5c[nH]c6cccc(C4=C3)c56)(O[C@@]2(O)[C@@H]7CCCN7C1=O)C(C)C,BRD-K19360254,O=C(NC1OC2C3CCCN3C(=O)CN2C1=O)C1C=C2c3cccc4[nH]cc(c34)CC2NC1
N[C@@H](CC(=O)N1CCn2c(nnc2C1)C(F)(F)F)Cc3cc(F)c(F)cc3F,BRD-K19416115,O=C(CCCc1ccccc1)N1CCn2cnnc2C1
[O-][N+](=O)c1cc2[nH]c(=O)c(=O)[nH]c2cc1C#N,BRD-K19438463,O=c1[nH]c2ccccc2[nH]c1=O
COc1cc(OC)c(C(=O)CCCN2CCCC2)c(OC)c1,BRD-K19462402,O=C(CCCN1CCCC1)c1ccccc1
Clc1cncc(n1)N2CCNCC2,BRD-K19554809,c1cnc(N2CCNCC2)cn1
N[C@@H](C(=O)N[C@H]1[C@H]2SCC(=C(N2C1=O)C(=O)O)Cl)c3ccccc3,BRD-K20338176,O=C(Cc1ccccc1)NC1C(=O)N2C=CCSC12
CC(C)(C)[C@]1(O)CCN2C[C@@H]3c4c(cccc4CCc5ccccc35)[C@@H]2C1,BRD-K20620780,c1ccc2c(c1)CCc1cccc3c1C2CN1CCCCC31
CCN(CC)CCNC(=O)COc1ccc(OC)cc1,BRD-K20655524,c1ccccc1
Cn1cc(C(=O)C(=O)N[C@H]2CN3CCC2CC3)c4ccccc14,BRD-K20714604,O=C(NC1CN2CCC1CC2)C(=O)c1c[nH]c2ccccc12
COc1cc(COc2cc(N)c(Cl)cc2C(=O)CCC3CCN(CCNS(=O)(=O)C)CC3)cc(OC)c1,BRD-K20742498,O=C(CCC1CCNCC1)c1ccccc1OCc1ccccc1
Nc1nc2ccc(OC(F)(F)F)cc2s1,BRD-K21283037,c1ccc2scnc2c1
Nc1nc(N)c(nc1Cl)C(=O)NC(=N)Nc2ccccc2,BRD-K21350491,N=C(NC(=O)c1cnccn1)Nc1ccccc1
CCOC(=O)Nc1ccc2Sc3ccccc3N(C(=O)CCN4CCOCC4)c2c1,BRD-K21548250,O=C(CCN1CCOCC1)N1c2ccccc2Sc2ccccc21
Cc1cccc(C)c1NC2=NCCCS2,BRD-K21565985,c1ccc(NC2=NCCCS2)cc1
OCCNCCNc1ccc(NCCNCCO)c2C(=O)c3c(O)ccc(O)c3C(=O)c12,BRD-K21680192,O=C1c2ccccc2C(=O)c2ccccc21
CS(=O)(=O)c1ccc(cc1)C2=C(C(=O)OC2)c3ccccc3,BRD-K21733600,O=C1OCC(c2ccccc2)=C1c1ccccc1
OC(=O)c1cc(ccc1O)c2ccc(F)cc2F,BRD-K22031190,c1ccc(-c2ccccc2)cc1
COc1ccc(C(=O)c2ccccc2O)c(O)c1,BRD-K22193694,O=C(c1ccccc1)c1ccccc1
CN1CCC(CC1)OC(c2ccccc2)c3ccccc3,BRD-K22936972,c1ccc(C(OC2CCNCC2)c2ccccc2)cc1
OC[C@H](NC(=O)C(Cl)Cl)[C@H](O)c1ccc(cc1)[N+](=O)[O-],BRD-K22969690,c1ccccc1
C[C@H]1O[C@H](C[C@H](O)[C@@H]1O)O[C@@H]2[C@@H](C)O[C@H](C[C@@H]2O)O[C@@H]3[C@@H](C)O[C@H](C[C@@H]3O)O[C@H]4CC[C@@]5(C)[C@H](CC[C@@H]6[C@@H]5C[C@@H](O)[C@]7(C)[C@H](CC[C@]67O)C8=CC(=O)OC8)C4,BRD-K23478508,O=C1C=C(C2CCC3C2CCC2C4CCC(OC5CCC(OC6CCC(OC7CCCCO7)CO6)CO5)CC4CCC23)CO1
OC(=O)c1cc(ccc1O)N(Cc2ccccc2O)Cc3cc(O)ccc3O,BRD-K23583188,c1ccc(CN(Cc2ccccc2)c2ccccc2)cc1
Clc1oc(=O)c2ccccc2c1Cl,BRD-K23704908,O=c1occc2ccccc12
O=c1ccc2ccccc2o1,BRD-K23913458,O=c1ccc2ccccc2o1
Cn1cnc2[nH]c(=O)n(C)c(=O)c12,BRD-K24084088,O=c1[nH]c(=O)c2[nH]cnc2[nH]1
COc1cc(/C=C/C(=O)N2CCC=CC2=O)cc(OC)c1OC,BRD-K24132293,O=C1C=CCCN1C(=O)C=Cc1ccccc1
NC[C@@H]1O[C@@H](Cc2c(O)c(O)ccc12)C3(CC4CC5CC(C4)C3)C5,BRD-K24396733,c1ccc2c(c1)COC(C13CC4CC(CC(C4)C1)C3)C2
CCN(CC)CCOC(=O)c1ccc(N)cc1,BRD-K24616672,c1ccccc1
O=C(N1CCCCC1)c2ccc3OCOc3c2,BRD-K25140590,O=C(c1ccc2c(c1)OCO2)N1CCCCC1
Cc1nc2ccccn2c(=O)c1CCN3CCC(CC3)C(=O)c4ccc(F)cc4,BRD-K25224017,O=C(c1ccccc1)C1CCN(CCc2cnc3ccccn3c2=O)CC1
OC(=O)CCc1nc(c(o1)c2ccccc2)c3ccccc3,BRD-K25394294,c1ccc(-c2ncoc2-c2ccccc2)cc1
CNC(=O)Oc1ccc2N(C)[C@H]3N(C)CC[C@@]3(C)c2c1,BRD-K25650355,c1ccc2c(c1)NC1NCCC21
COc1ccc2c(OC)c3ccoc3nc2c1OC,BRD-K25741894,c1ccc2nc3occc3cc2c1
CN(C)Cc1c[nH]c2ccccc12,BRD-K26005076,c1ccc2[nH]ccc2c1
CCCN1CCC[C@@H]2Cc3n[nH]cc3C[C@H]21,BRD-K26548821,c1[nH]nc2c1CC1NCCCC1C2
COc1ccc(cc1O)c2cc(=O)c3c(O)cc(O)cc3o2,BRD-K26862302,O=c1cc(-c2ccccc2)oc2ccccc12
Cn1nnnc1SCC2=C(N3[C@H](SC2)[C@H](NC(=O)[C@H](O)c4ccccc4)C3=O)C(=O)O,BRD-K27130738,O=C(Cc1ccccc1)NC1C(=O)N2C=C(CSc3nnn[nH]3)CSC12
O=c1cc(oc2c(cccc12)c3ccccc3)N4CCOCC4,BRD-K27305650,O=c1cc(N2CCOCC2)oc2c(-c3ccccc3)cccc12
C[C@H](CCCC(C)(C)O)[C@H]1CC[C@H]2/C(=C/C=C\\3/C[C@@H](O)C[C@H](O)C3=C)/CCC[C@]12C,BRD-K27316855,C=C1CCCCC1=CC=C1CCCC2CCCC12
CC(=O)O[C@@]1(CC[C@H]2[C@@H]3C=C(C)C4=CC(=O)CC[C@@H]4[C@H]3CC[C@@]21C)C(=O)C,BRD-K27351809,O=C1C=C2C=CC3C4CCCC4CCC3C2CC1
CCCCCC[C@@H]([C@@H](C)O)n1cnc2c(N)ncnc12,BRD-K27450477,c1ncc2nc[nH]c2n1
CCCCC[C@H](O)/C=C/[C@H]1[C@H](O)C[C@@H]2C/C(=C\\CCCC(=O)O)/C[C@H]12,BRD-K27499107,C=C1CC2CCCC2C1
O=C1CCc2c(O1)ccc3ccccc23,BRD-K27710560,O=C1CCc2c(ccc3ccccc23)O1
COC(=O)[C@@H](N1CCc2sccc2C1)c3ccccc3Cl,BRD-K27721098,c1ccc(CN2CCc3sccc3C2)cc1
Brc1ccc(/C=C/CNCCNS(=O)(=O)c2cccc3cnccc23)cc1,BRD-K27737647,O=S(=O)(NCCNCC=Cc1ccccc1)c1cccc2cnccc12
CN1CCC(=C2c3ccccc3C=Cc4ccccc24)CC1,BRD-K28143534,C1=Cc2ccccc2C(=C2CCNCC2)c2ccccc21
CC(C)NC(=N)NC(=N)Nc1ccc(Cl)cc1,BRD-K28183345,c1ccccc1
CC(C)C(=O)Nc1ccc([N+](=O)[O-])c(c1)C(F)(F)F,BRD-K28307902,c1ccccc1
CCN(CC)CCOC(=O)C1(CCCC1)c2ccc(cc2)[N+](=O)[O-],BRD-K28453807,c1ccc(C2CCCC2)cc1
CN(C)CCCOc1nn(Cc2ccccc2)c3ccccc13,BRD-K28542495,c1ccc(Cn2ncc3ccccc32)cc1
COc1cc(ccc1O)C(=O)O[C@@H]2C[C@@H]3CC[C@H](C2)N3C,BRD-K28667196,O=C(OC1CC2CCC(C1)N2)c1ccccc1
COC(=O)c1cc2c(cn1)[nH]c3ccccc32,BRD-K28680267,c1ccc2c(c1)[nH]c1cnccc12
CCC(=O)NCC[C@@H]1CCc2ccc3OCCc3c12,BRD-K28761891,c1cc2c(c3c1CCC3)CCO2
Ic1ccc(cc1)N2CCN(Cc3c[nH]c4ncccc34)CC2,BRD-K28806945,c1ccc(N2CCN(Cc3c[nH]c4ncccc34)CC2)cc1
CN1CCC(=C2c3ccsc3C(=O)Cc4ccccc24)CC1,BRD-K28936863,O=C1Cc2ccccc2C(=C2CCNCC2)c2ccsc21
CC(=O)N1CCN(CC1)c2ccc(OC[C@H]3CO[C@@](Cn4ccnc4)(O3)c5ccc(Cl)cc5Cl)cc2,BRD-K29113274,c1ccc(C2(Cn3ccnc3)OCC(COc3ccc(N4CCNCC4)cc3)O2)cc1
OC(=O)CCC/C=C\\C[C@@H]1CO[C@@H](O[C@@H]1c2ccccc2O)C(F)(F)F,BRD-K29133151,c1ccc(C2CCOCO2)cc1
O=c1n([se]c2ccccc12)c3ccccc3,BRD-K29359156,O=c1c2ccccc2[se]n1-c1ccccc1
OC(=O)CCCc1ccc(cc1)N(CCCl)CCCl,BRD-K29458283,c1ccccc1
Fc1ccc(cc1)C(N2CCN(C/C=C/c3ccccc3)CC2)c4ccc(F)cc4,BRD-K29582677,C(=Cc1ccccc1)CN1CCN(C(c2ccccc2)c2ccccc2)CC1
CCN(CC)CCOc1ccc(cc1)/C(=C(\\Cl)/c2ccccc2)/c3ccccc3,BRD-K29950728,C(=C(c1ccccc1)c1ccccc1)c1ccccc1
COc1ccc2[nH]cc(CCN)c2c1,BRD-K30197592,c1ccc2[nH]ccc2c1
CN1CCC[C@@H]1CCO[C@](C)(c2ccccc2)c3ccc(Cl)cc3,BRD-K30240666,c1ccc(C(OCCC2CCCN2)c2ccccc2)cc1
COc1cc(O)c(C(=O)/C=C/c2ccccc2)c(OC)c1,BRD-K30296925,O=C(C=Cc1ccccc1)c1ccccc1
CC(C)(C)NC[C@@H](O)COc1nsnc1N2CCOCC2,BRD-K30421593,c1nsnc1N1CCOCC1
CC(C)NC(=O)NS(=O)(=O)c1cnccc1Nc2cccc(C)c2,BRD-K30480208,c1ccc(Nc2ccncc2)cc1
N[C@@H](Cc1cc(I)c(Oc2cc(I)c(O)c(I)c2)c(I)c1)C(=O)O,BRD-K30685142,c1ccc(Oc2ccccc2)cc1
COc1ccc(NC(=O)c2ccc(cc2)c3ccc(cc3C)c4noc(C)n4)cc1OCCN(C)C,BRD-K30867024,O=C(Nc1ccccc1)c1ccc(-c2ccc(-c3ncon3)cc2)cc1
CN(C)CCCn1cc(C2=C(C(=O)NC2=O)c3c[nH]c4ccccc34)c5ccccc15,BRD-K31342827,O=C1NC(=O)C(c2c[nH]c3ccccc23)=C1c1c[nH]c2ccccc12
NC(=N)NC(=N)Nc1ccccc1,BRD-K31491153,c1ccccc1
O[C@@H](COc1cccc(c1)C(F)(F)F)/C=C/[C@H]2[C@H](O)C[C@H](O)[C@@H]2C/C=C\\CCCC(=O)O,BRD-K31611373,C(=CC1CCCC1)CCOc1ccccc1
CCC(=O)[C@@]1(C)[C@H](C)C[C@H]2[C@@H]3CCC4=CC(=O)C=C[C@]4(C)[C@H]3[C@@H](O)C[C@@]21C,BRD-K31627533,O=C1C=CC2C(=C1)CCC1C3CCCC3CCC21
Cc1ccc(cc1)S(=O)(=O)NC(=O)NN2CCCCCC2,BRD-K32164935,O=C(NN1CCCCCC1)NS(=O)(=O)c1ccccc1
CCC1(C(=O)NCNC1=O)c2ccccc2,BRD-K32247306,O=C1NCNC(=O)C1c1ccccc1
Fc1ccc(cc1)C(OCCN2CCN(CCCc3ccccc3)CC2)c4ccc(F)cc4,BRD-K32501161,c1ccc(CCCN2CCN(CCOC(c3ccccc3)c3ccccc3)CC2)cc1
OC(=O)c1ccc2nc(c3ccccc3)c(nc2c1)c4ccccc4,BRD-K32584078,c1ccc(-c2nc3ccccc3nc2-c2ccccc2)cc1
CCN(CC)C(=S)SSC(=S)N(CC)CC,BRD-K32744045,
CO[C@H]1[C@H](O)C[C@@H]2CN3CCc4c([nH]c5cc(OC)ccc45)[C@H]3C[C@@H]2[C@@H]1C(=O)O,BRD-K32755366,c1ccc2c3c([nH]c2c1)C1CC2CCCCC2CN1CC3
Cn1cnc([N+](=O)[O-])c1Sc2[nH]cnc3ncnc23,BRD-K32821942,c1nc2nc[nH]c(Sc3cnc[nH]3)c-2n1
CN1Cc2c3OCOc3ccc2[C@H]4[C@@H](O)Cc5cc6OCOc6cc5[C@H]41,BRD-K32828673,c1c2c(cc3c1OCO3)C1NCc3c(ccc4c3OCO4)C1CC2
NC(=N)NC(=O)Cc1c(Cl)cccc1Cl,BRD-K32830106,c1ccccc1
NC(=C(C#N)C#N)/C(=C/c1ccc2[nH]ccc2c1)/C#N,BRD-K33204703,c1ccc2[nH]ccc2c1
COc1ccc2C[C@H]3[C@H]4CCCC[C@@]4(CCN3C)c2c1,BRD-K33211335,c1ccc2c(c1)CC1NCCC23CCCCC13
CC/C=C\\C/C=C\\C/C=C\\CCCCCCCC(=O)O,BRD-K33396764,
C[C@@H]1CN(CC[C@]1(C(=O)O)c2ccccc2)[C@H]3CC[C@](CC3)(C#N)c4ccc(F)cc4,BRD-K33453211,c1ccc(C2CCC(N3CCC(c4ccccc4)CC3)CC2)cc1
Oc1ccc(/C=C/C(=O)c2ccc(O)cc2O)cc1,BRD-K33583600,O=C(C=Cc1ccccc1)c1ccccc1
CCc1cc(ccn1)C(=S)N,BRD-K33710385,c1ccncc1
CCCCC/C=C\\C/C=C\\C/C=C\\C/C=C\\CCCC(=O)NCc1ccc(O)c(OC)c1,BRD-K34092021,c1ccccc1
CCCCNc1c(C(=O)OCC)c(C)nc2n(CC)ncc12,BRD-K34154330,c1cnc2[nH]ncc2c1
CN/C(=N\\C#N)/NCCSCc1nc[nH]c1C,BRD-K34157611,c1c[nH]cn1
COc1cc(cc(OC)c1OC)C(=O)NCc2ccc(OCCN(C)C)cc2,BRD-K34415467,O=C(NCc1ccccc1)c1ccccc1
CC[C@@H](CO)NC(=O)[C@H]1CN(C)[C@@H]2Cc3c[nH]c4cccc(C2=C1)c34,BRD-K34685430,C1=C2c3cccc4[nH]cc(c34)CC2NCC1
CCC1=C(C)CN(C(=O)NCCc2ccc(cc2)S(=O)(=O)NC(=O)N[C@H]3CC[C@H](C)CC3)C1=O,BRD-K34776109,O=C(NC1CCCCC1)NS(=O)(=O)c1ccc(CCNC(=O)N2CC=CC2=O)cc1
CNC(=O)N(C)c1nnc(s1)C(C)(C)C,BRD-K34820100,c1nncs1
CC[C@@]12CC[C@H]3[C@@H](CCC4=CC(=O)CC[C@H]34)[C@@H]2CC[C@@]1(O)C#C,BRD-K35189033,O=C1C=C2CCC3C4CCCC4CCC3C2CC1
C[C@H]1C[C@H]2[C@@H]3CC[C@](O)(C(=O)CO)[C@@]3(C)C[C@H](O)[C@@H]2[C@@]4(C)C=CC(=O)C=C14,BRD-K35240538,O=C1C=CC2C(=C1)CCC1C3CCCC3CCC21
CC1=NN(C(=O)C1)c2ccccc2,BRD-K35458079,O=C1CC=NN1c1ccccc1
CCOC(=O)/N=c\\1/c[n+]([n-]o1)N2CCOCC2,BRD-K35531059,N=c1c[n+](N2CCOCC2)[n-]o1
COC(=O)[C@H]1[C@@H](O)CC[C@H]2CN3CCc4c([nH]c5ccccc45)[C@@H]3C[C@H]12,BRD-K35586044,c1ccc2c3c([nH]c2c1)C1CC2CCCCC2CN1CC3
C[C@@H]1O[C@@H](O[C@H]2C[C@@H](O)[C@]3(CO)[C@H]4[C@H](O)C[C@]5(C)[C@H](CC[C@]5(O)[C@@H]4CC[C@]3(O)C2)C6=CC(=O)OC6)[C@H](O)[C@H](O)[C@H]1O,BRD-K35708212,O=C1C=C(C2CCC3C2CCC2C4CCC(OC5CCCCO5)CC4CCC23)CO1
CC[C@@H](CO)NC(=O)[C@H]1CN(C)[C@@H]2Cc3cn(C)c4cccc(C2=C1)c34,BRD-K35941380,C1=C2c3cccc4[nH]cc(c34)CC2NCC1
Oc1ccc(Cl)cc1C(=O)Nc2ccc(cc2Cl)[N+](=O)[O-],BRD-K35960502,O=C(Nc1ccccc1)c1ccccc1
COc1ccc(C[C@H](N)C(=O)N[C@H]2[C@@H](O)[C@@H](O[C@@H]2CO)n3cnc4c(ncnc34)N(C)C)cc1,BRD-K36007650,O=C(CCc1ccccc1)NC1COC(n2cnc3cncnc32)C1
C[C@H]1C[C@H](C)C(=O)[C@@H](C1)[C@H](O)CC2CC(=O)NC(=O)C2,BRD-K36055864,O=C1CC(CCC2CCCCC2=O)CC(=O)N1
CCC1(CC)C(=O)NC=CC1=O,BRD-K36116267,O=C1C=CNC(=O)C1
CC(C)(O)[C@@H]1Cc2cc3ccc(=O)oc3cc2O1,BRD-K36377456,O=c1ccc2cc3c(cc2o1)OCC3
C1CC[C@@H](NC1)c2cccnc2,BRD-K36638830,c1cncc(C2CCCCN2)c1
NS(=O)(=O)c1cc2c(NCNS2(=O)=O)cc1C(F)(F)F,BRD-K36862742,O=S1(=O)NCNc2ccccc21
COc1ccc(Cl)cc1C(=O)NCCc2ccc(cc2)S(=O)(=O)NC(=O)NC3CCCCC3,BRD-K36927236,O=C(NC1CCCCC1)NS(=O)(=O)c1ccc(CCNC(=O)c2ccccc2)cc1
NC(=N)NC(=N)Nc1cccc(Cl)c1,BRD-K36965586,c1ccccc1
COc1ccc(CCN2CCC(CC2)Nc3nc4ccccc4n3Cc5ccc(F)cc5)cc1,BRD-K37249724,c1ccc(CCN2CCC(Nc3nc4ccccc4n3Cc3ccccc3)CC2)cc1
CC#C[C@]1(O)CC[C@H]2[C@@H]3CCC4=CC(=O)CCC4=C3[C@H](C[C@@]21C)c5ccc(cc5)N(C)C,BRD-K37270826,O=C1C=C2CCC3C(=C2CC1)C(c1ccccc1)CC1CCCC13
CN1CCN(CC1)C2=Nc3cc(Cl)ccc3Nc4ccccc24,BRD-K37289225,c1ccc2c(c1)N=C(N1CCNCC1)c1ccccc1N2
COc1c2OCOc2cc3CCN(C)Cc13,BRD-K37447567,c1c2c(cc3c1OCO3)CNCC2
COc1cc(ccc1OC(F)F)c2ccc(=O)[nH]n2,BRD-K37561857,O=c1ccc(-c2ccccc2)n[nH]1
CCn1cc(C(=O)O)c(=O)c2cnc(nc12)N3CCCC3,BRD-K37682401,O=c1cc[nH]c2nc(N3CCCC3)ncc12
Clc1ccc(OCC(=O)N2CCN(Cc3ccc4OCOc4c3)CC2)cc1,BRD-K37688416,O=C(COc1ccccc1)N1CCN(Cc2ccc3c(c2)OCO3)CC1
CN(C)CC/C=C\\1/c2ccccc2COc3ccccc13,BRD-K37694030,C=C1c2ccccc2COc2ccccc21
COc1cc(cc(OC)c1O)[C@H]2[C@@H]3[C@H](COC3=O)[C@H](O[C@@H]4O[C@@H]5CO[C@@H](C)O[C@H]5[C@H](O)[C@H]4O)c6cc7OCOc7cc26,BRD-K37798499,O=C1OCC2C(OC3CCC4OCOCC4O3)c3cc4c(cc3C(c3ccccc3)C12)OCO4
C(c1c[nH]c2ccccc12)c3c[nH]c4ccccc34,BRD-K37846922,c1ccc2c(Cc3c[nH]c4ccccc34)c[nH]c2c1
NCc1ccccc1CC(=O)N[C@H]2[C@H]3SCC(=C(N3C2=O)C(=O)O)CSc4nnnn4CC(=O)O,BRD-K37848908,O=C(Cc1ccccc1)NC1C(=O)N2C=C(CSc3nnn[nH]3)CSC12
C[C@@H]1C[C@H]2[C@@H]3C[C@H](F)C4=CC(=O)C=C[C@]4(C)[C@@]3(Cl)[C@@H](O)C[C@]2(C)[C@H]1C(=O)COC(=O)C(C)(C)C,BRD-K38003476,O=C1C=CC2C(=C1)CCC1C3CCCC3CCC21
CCN(CC)C(=O)c1ccc(O)c(OC)c1,BRD-K38055836,c1ccccc1
CCCCNc1cc(cc(c1Oc2ccccc2)S(=O)(=O)N)C(=O)O,BRD-K38197229,c1ccc(Oc2ccccc2)cc1
CC(C)(O)[C@H]1O[C@H]2CC[C@]3(C)[C@]4(C)[C@H](Cc5c4[nH]c6ccccc56)CC[C@@]3(O)C2=CC1=O,BRD-K38251852,O=C1C=C2C(CCC3C2CCC2Cc4c([nH]c5ccccc45)C23)OC1
Clc1ccc2n(C3CCN(CCCn4c(=O)[nH]c5ccccc45)CC3)c(=O)[nH]c2c1,BRD-K38305202,O=c1[nH]c2ccccc2n1CCCN1CCC(n2c(=O)[nH]c3ccccc32)CC1
CCOc1ccc(NC(=O)C)cc1,BRD-K38323065,c1ccccc1
Cn1c(=O)n(C)c2[nH]c(nc2c1=O)C3CCCC3,BRD-K38347298,O=c1[nH]c(=O)c2nc(C3CCCC3)[nH]c2[nH]1
CN(C)CCCN1c2ccccc2CCc3ccccc13,BRD-K38436528,c1ccc2c(c1)CCc1ccccc1N2
C/C=C\\1/CC(=C)[C@@](C)(O)C(=O)OCC2=CCN3CC[C@@H](OC1=O)[C@H]32,BRD-K38449220,C=C1CC(=C)C(=O)OC2CCN3CC=C(COC(=O)C1)C23
C[C@@H]1C[C@H]2[C@@H]3CCC4=CC(=O)C=C[C@]4(C)[C@@]3(F)[C@@H](O)C[C@]2(C)[C@@]1(O)C(=O)CO,BRD-K38775274,O=C1C=CC2C(=C1)CCC1C3CCCC3CCC21
COc1ccc(cc1O)[C@@H]2CC(=O)c3c(O)cc(O[C@@H]4O[C@H](CO[C@@H]5O[C@@H](C)[C@H](O)[C@@H](O)[C@H]5O)[C@@H](O)[C@H](O)[C@H]4O)cc3O2,BRD-K38903228,O=C1CC(c2ccccc2)Oc2cc(OC3CCCC(COC4CCCCO4)O3)ccc21
CN1CCc2cc(O)cc-3c2[C@H]1Cc4ccc(O)c(O)c43,BRD-K39187410,c1ccc2c(c1)CC1NCCc3cccc-2c31
C[C@H]1C[C@H]2[C@@H]3CCC4=CC(=O)C=C[C@]4(C)[C@@]3(F)[C@@H](O)C[C@]2(C)[C@@]1(O)C(=O)CO,BRD-K39188321,O=C1C=CC2C(=C1)CCC1C3CCCC3CCC21
COc1cc(C)nn1c2nc(C)cc(OC)n2,BRD-K39339537,c1cnc(-n2cccn2)nc1
CC(=O)[C@H]1[C@@H](C[C@H]2[C@@H]3CC=C4C[C@@H](O)CC[C@]4(C)[C@H]3CC[C@]12C)C#N,BRD-K39356024,C1=C2CCCCC2C2CCC3CCCC3C2C1
CC(C)[C@@]12O[C@H]2[C@@H]3O[C@]34[C@]5(O[C@H]5C[C@H]6C7=C(CC[C@@]64C)C(=O)OC7)[C@@H]1O,BRD-K39484304,O=C1OCC2=C1CCC1C2CC2OC23CC2OC2C2OC123
CN1CCN(CC1)C2=Nc3ccccc3Oc4ccc(Cl)cc24,BRD-K39915878,c1ccc2c(c1)N=C(N1CCNCC1)c1ccccc1O2
CC/C=C\\C/C=C\\C/C=C\\C/C=C\\C/C=C\\C/C=C\\CCC(=O)O,BRD-K39965020,
CC(=O)Oc1ccc(cc1)C(c2ccc(OC(=O)C)cc2)c3ccccn3,BRD-K39987650,c1ccc(C(c2ccccc2)c2ccccn2)cc1
CC[C@]1(CCCN2CCc3c4[C@@H]21)CC(=O)n4c5ccccc35,BRD-K40227168,O=C1CC2CCCN3CCc4c(n1c1ccccc41)C23
CN1[C@H]2CC[C@@H]1C[C@@H](C2)OC(=O)[C@H](CO)c3ccccc3,BRD-K40530731,O=C(Cc1ccccc1)OC1CC2CCC(C1)N2
Cc1nc2sccn2c(=O)c1CCN3CCC(=C(c4ccc(F)cc4)c5ccc(F)cc5)CC3,BRD-K40887525,O=c1c(CCN2CCC(=C(c3ccccc3)c3ccccc3)CC2)cnc2sccn12
CN(C)CCCSc1ccccc1NC(=O)/C=C/c2ccccc2,BRD-K40901640,O=C(C=Cc1ccccc1)Nc1ccccc1
NC(=O)NC(=O)Cc1ccccc1,BRD-K40905133,c1ccccc1
CC(=O)OCOC(=O)CN(CC(=O)OCOC(=O)C)c1ccccc1OCCOc2ccccc2N(CC(=O)OCOC(=O)C)CC(=O)OCOC(=O)C,BRD-K40919711,c1ccc(OCCOc2ccccc2)cc1
CC(C)(C)NC[C@H](O)COc1cccc2[nH]c(C#N)cc12,BRD-K40965114,c1ccc2[nH]ccc2c1
Nc1ccc(cc1)S(=O)(=O)Nc2ccccn2,BRD-K41406082,O=S(=O)(Nc1ccccn1)c1ccccc1
CCCCCCCCCCCCC/C=C/[C@@H](O)[C@H](CO)NC(=O)C,BRD-K41707108,
Cc1cccc(CCN2CCC(CC2)C(=O)c3ccc(NS(=O)(=O)C)cc3)n1,BRD-K41713976,O=C(c1ccccc1)C1CCN(CCc2ccccn2)CC1
Oc1ccc2sc(=O)oc2c1,BRD-K41876534,O=c1oc2ccccc2s1
COc1ccc(C=C(C#N)C#N)cc1,BRD-K41996876,c1ccccc1
Oc1ccc(cc1)c2coc3cc(O)ccc3c2=O,BRD-K42095107,O=c1c(-c2ccccc2)coc2ccccc12
C/C=C\\1/C[C@@H](C)[C@](O)(CO)C(=O)OCC2=CCN3CC[C@@H](OC1=O)[C@H]32,BRD-K42142750,C=C1CCCC(=O)OCC2=CCN3CCC(OC1=O)C23
OC(=O)C1=CCCN(CCON=C(c2ccccc2)c3ccccc3)C1,BRD-K42221274,C1=CCN(CCON=C(c2ccccc2)c2ccccc2)CC1
CN(C)CCC=C1c2ccccc2C=Cc3ccccc13,BRD-K42348709,C=C1c2ccccc2C=Cc2ccccc21
CCCCC/C=C\\C/C=C\\C/C=C\\C/C=C\\CCCC(=O)NCCO,BRD-K42352790,
CCN(CC)CCc1nc(no1)c2ccccc2,BRD-K42596464,c1ccc(-c2ncon2)cc1
CCCCCCCCN[C@H](C)[C@@H](O)c1ccc(SC(C)C)cc1,BRD-K42635745,c1ccccc1
Oc1cc(O)c2c(=O)c(O)c(oc2c1)c3cc(O)c(O)c(O)c3,BRD-K43149758,O=c1cc(-c2ccccc2)oc2ccccc12
CC(C)[C@H](NC(=O)OCc1ccccc1)C(=O)N[C@@H](Cc2ccccc2)C=O,BRD-K43245338,O=C(CNC(=O)OCc1ccccc1)NCCc1ccccc1
CNc1cc(NS(=O)(=O)c2ccc(N)cc2)nc(NC)n1,BRD-K43290182,O=S(=O)(Nc1ccncn1)c1ccccc1
COc1cccc2C(=O)c3c(O)c4C[C@](O)(C[C@H](O[C@H]5C[C@H](N)[C@H](O)[C@H](C)O5)c4c(O)c3C(=O)c12)C(=O)C,BRD-K43389675,O=C1c2ccccc2C(=O)c2cc3c(cc21)CCCC3OC1CCCCO1
C[C@@]12CC(=O)[C@H]3[C@@H](CCC4=CC(=O)CC[C@]34C)[C@@H]2CC[C@]1(O)C(=O)CO,BRD-K43736954,O=C1C=C2CCC3C4CCCC4CC(=O)C3C2CC1
Oc1ccc(cc1)c2coc3cc(O)cc(O)c3c2=O,BRD-K43797669,O=c1c(-c2ccccc2)coc2ccccc12
NC(=N)NCc1cccc(I)c1,BRD-K43860855,c1ccccc1
CC1(C)S[C@@H]2[C@H](NC(=O)COc3ccccc3)C(=O)N2[C@H]1C(=O)O,BRD-K43966364,O=C(COc1ccccc1)NC1C(=O)N2CCSC12
OC(=O)c1ccccc1Nc2cccc(c2)C(F)(F)F,BRD-K44067360,c1ccc(Nc2ccccc2)cc1
CN(C(=S)Oc1ccc2ccccc2c1)c3cccc(C)c3,BRD-K44273375,S=C(Nc1ccccc1)Oc1ccc2ccccc2c1
Oc1cc2CCCN(Cc2cc1O)C(=S)NCCc3ccc(Cl)cc3,BRD-K44849676,S=C(NCCc1ccccc1)N1CCCc2ccccc2C1
CN(C)C(=O)Cc1c(nc2ccc(C)cn12)c3ccc(C)cc3,BRD-K44876623,c1ccc(-c2cn3ccccc3n2)cc1
NCCNC(=O)c1ccc(Cl)cc1,BRD-K44899736,c1ccccc1
CC(=O)OCC(CCn1cnc2cnc(N)nc12)COC(=O)C,BRD-K45033733,c1ncc2nc[nH]c2n1
CCCCNc1ccc(cc1)C(=O)OCCN(C)C,BRD-K45071273,c1ccccc1
CCCCC(=O)N(Cc1ccc(cc1)c2ccccc2c3nn[nH]n3)[C@@H](C(C)C)C(=O)O,BRD-K45158365,c1ccc(-c2ccccc2-c2nn[nH]n2)cc1
CC(=C)[C@@H]1CC[C@@]2(CC[C@]3(C)[C@H](CC[C@@H]4[C@@]5(C)CC[C@H](O)C(C)(C)[C@@H]5CC[C@]43C)[C@@H]12)C(=O)O,BRD-K45401373,C1CCC2C(C1)CCC1C2CCC2C3CCCC3CCC21
CN1CCc2cc(Cl)c(O)cc2[C@H](C1)c3ccccc3,BRD-K45435259,c1ccc(C2CNCCc3ccccc32)cc1
C(COc1ccc2OCOc2c1)CN3CCN(CC3)c4ccccc4,BRD-K45479396,c1ccc(N2CCN(CCCOc3ccc4c(c3)OCO4)CC2)cc1
CCN(CC)C(=O)N1CCN(C)CC1,BRD-K45542189,C1CNCCN1
Fc1ccc(cc1)C(=O)CCCN2CCC3(CC2)N(CN(Cc4cccc(F)c4)C3=O)c5ccccc5,BRD-K45662124,O=C(CCCN1CCC2(CC1)C(=O)N(Cc1ccccc1)CN2c1ccccc1)c1ccccc1
Fc1ccc(cc1)C(=O)CCCN2CCN(CC2)c3ccccn3,BRD-K45861246,O=C(CCCN1CCN(c2ccccn2)CC1)c1ccccc1
CC(C)(Oc1ccc(CCNC(=O)c2ccc(Cl)cc2)cc1)C(=O)O,BRD-K46018455,O=C(NCCc1ccccc1)c1ccccc1
Cc1cc(=O)c2c(O)c(C)c(O)cc2o1,BRD-K46068882,O=c1ccoc2ccccc12
CCOC(=O)O[C@@]1(CC[C@H]2[C@@H]3CCC4=CC(=O)C=C[C@]4(C)[C@H]3[C@@H](O)C[C@@]21C)C(=O)COC(=O)CC,BRD-K46137903,O=C1C=CC2C(=C1)CCC1C3CCCC3CCC21
C(C1=NCCN1)c2ccccc2,BRD-K46211610,c1ccc(CC2=NCCN2)cc1
CCCC(C(=O)OCCN(CC)CC)(c1ccccc1)c2ccccc2,BRD-K46317332,c1ccc(Cc2ccccc2)cc1
CC(C)[C@H](N)C(=O)OCCOCn1cnc2c(=O)[nH]c(N)nc12,BRD-K46435977,O=c1[nH]cnc2[nH]cnc12
CN(C)CCCc1cc(ccc1O)C(=O)Nc2ccc(cc2)c3ccncc3,BRD-K46441700,O=C(Nc1ccc(-c2ccncc2)cc1)c1ccccc1
C[C@@]12CC[C@H]3[C@@H](C=CC4=CC(=O)CC[C@]34C)[C@@H]2CC[C@@]1(O)CCC(=O)O,BRD-K46556543,O=C1C=C2C=CC3C4CCCC4CCC3C2CC1
Cc1cc(=O)n(c2ccccc2)n1C,BRD-K46937689,O=c1cc[nH]n1-c1ccccc1
Oc1ccc(Cl)c2cccnc12,BRD-K46982791,c1ccc2ncccc2c1
Oc1ccc(/C=C(\\C#N)/C(=O)NCc2ccccc2)cc1O,BRD-K47105409,O=C(C=Cc1ccccc1)NCc1ccccc1
CC/C=C\\C/C=C\\C/C=C\\C/C=C\\C/C=C\\CCCC(=O)O,BRD-K47192521,
CN(C)CCOC(c1ccccc1)c2ccccc2,BRD-K47278471,c1ccc(Cc2ccccc2)cc1
CN(C)CCN(Cc1cccs1)c2ccccn2,BRD-K47323024,c1ccc(NCc2cccs2)nc1
NCCCC[C@H](N)C(=O)N[C@@H](Cc1ccccc1)C(=O)N[C@@H](Cc2ccc(O)cc2)C(=O)O,BRD-K47328134,O=C(CCc1ccccc1)NCCc1ccccc1
Cc1ccc(cc1)c2nn(c3ncnc(N)c23)C(C)(C)C,BRD-K47598052,c1ccc(-c2n[nH]c3ncncc23)cc1
CC(=O)Oc1cccc(C(=O)O)c1OC(=O)C,BRD-K47608922,c1ccccc1
CN(Cc1cc(Br)cc(Br)c1N)C2CCCCC2,BRD-K47631482,c1ccc(CNC2CCCCC2)cc1
C[C@@H]1C[C@H]2[C@@H]3CCC4=CC(=O)C=C[C@]4(C)[C@@]3(F)[C@@H](O)C[C@]2(C)[C@@]1(O)C(=O)COC(=O)C,BRD-K47635719,O=C1C=CC2C(=C1)CCC1C3CCCC3CCC21
Cc1c(oc2c(cccc2c1=O)C(=O)OCCN3CCCCC3)c4ccccc4,BRD-K47639036,O=C(OCCN1CCCCC1)c1cccc2c(=O)cc(-c3ccccc3)oc12
COc1c(OC[C@@H](O)C(C)(C)O)ccc2c(OC)c3ccoc3nc12,BRD-K47693913,c1ccc2nc3occc3cc2c1
COc1cc(cc(OC)c1OC)[C@H]2[C@@H]3[C@H](COC3=O)[C@@H](O)c4cc5OCOc5cc24,BRD-K47869605,O=C1OCC2Cc3cc4c(cc3C(c3ccccc3)C12)OCO4
C(N1CCN(CC1)c2ncccn2)c3ccc4OCOc4c3,BRD-K47936004,c1cnc(N2CCN(Cc3ccc4c(c3)OCO4)CC2)nc1
CCCc1cc(=O)[nH]c(=S)[nH]1,BRD-K48168960,O=c1cc[nH]c(=S)[nH]1
COc1cc(cc(OC)c1OC)C(=O)OCCCN2CCCN(CCCOC(=O)c3cc(OC)c(OC)c(OC)c3)CC2,BRD-K48722258,O=C(OCCCN1CCCN(CCCOC(=O)c2ccccc2)CC1)c1ccccc1
CCOC(=O)c1cc2c(cn1)[nH]c3ccccc32,BRD-K49061529,c1ccc2c(c1)[nH]c1cnccc12
O=C1O[C@]2(C[C@H]3C=CC2=C1)[C@H]4CCCCN34,BRD-K49071277,O=C1C=C2C=CC3CC2(O1)C1CCCCN31
COc1ccc2CN(C)CC[C@]34C=C[C@H](O)C[C@@H]4Oc1c23,BRD-K49481516,C1=CC23CCNCc4cccc(c42)OC3CC1
Fc1ccc(cc1)C(=O)C2CCN(CCn3c(=O)[nH]c4ccccc4c3=O)CC2,BRD-K49671696,O=C(c1ccccc1)C1CCN(CCn2c(=O)[nH]c3ccccc3c2=O)CC1
C/C(=C\\c1ccc(cc1)C(=O)O)/c2ccc3c(c2)C(C)(C)CCC3(C)C,BRD-K49685476,C(=Cc1ccc2c(c1)CCCC2)c1ccccc1
CCOC(=O)[C@H](CCc1ccccc1)N[C@H]2CCc3ccccc3N(CC(=O)O)C2=O,BRD-K49807096,O=C1Nc2ccccc2CCC1NCCCc1ccccc1
Cc1c(Cl)cccc1Nc2ccccc2C(=O)O,BRD-K50133271,c1ccc(Nc2ccccc2)cc1
C(CN1CCN(CCOC(c2ccccc2)c3ccccc3)CC1)Cc4ccccc4,BRD-K50135270,c1ccc(CCCN2CCN(CCOC(c3ccccc3)c3ccccc3)CC2)cc1
Nc1ccc2C(=O)NC(=O)c3cccc1c32,BRD-K50214219,O=C1NC(=O)c2cccc3cccc1c23
CC(C)OC(=O)C(C)(C)Oc1ccc(cc1)C(=O)c2ccc(Cl)cc2,BRD-K50388907,O=C(c1ccccc1)c1ccccc1
Cc1ccc(Cl)c(Nc2ccccc2C(=O)O)c1Cl,BRD-K50398167,c1ccc(Nc2ccccc2)cc1
CCN(CC)CCNc1ccc(CO)c2sc3ccccc3c(=O)c12,BRD-K50406511,O=c1c2ccccc2sc2ccccc12
CCN1CCC[C@H]1CNC(=O)c2c(O)c(CC)cc(Cl)c2OC,BRD-K50417881,O=C(NCC1CCCN1)c1ccccc1
Cc1ncsc1CCCl,BRD-K50422030,c1cscn1
Cc1noc(NS(=O)(=O)c2ccc(N)cc2)c1C,BRD-K50859149,O=S(=O)(Nc1ccno1)c1ccccc1
COc1ccccc1N2CCN(CCCCNC(=O)c3ccc(cc3)c4ccc(cc4)C(=O)C)CC2,BRD-K50891186,O=C(NCCCCN1CCN(c2ccccc2)CC1)c1ccc(-c2ccccc2)cc1
CNS(=O)(=O)Cc1ccc2[nH]cc(CCN(C)C)c2c1,BRD-K50938287,c1ccc2[nH]ccc2c1
COC(=O)Nc1nc2ccc(Sc3ccccc3)cc2[nH]1,BRD-K51318897,c1ccc(Sc2ccc3nc[nH]c3c2)cc1
C[C@H](NCCc1ccc(O)cc1)[C@H](O)c2ccc(O)cc2,BRD-K51465424,c1ccc(CCNCCc2ccccc2)cc1
CCN1CCC[C@H]1CNC(=O)c2cc(ccc2OC)S(=O)(=O)N,BRD-K51671335,O=C(NCC1CCCN1)c1ccccc1
CC(=O)OCC(=O)[C@H]1CC[C@H]2[C@@H]3CC[C@H]4C[C@H](O)CC[C@]4(C)[C@H]3C(=O)C[C@]12C,BRD-K51751936,O=C1CC2CCCC2C2CCC3CCCCC3C12
C/C=C/C\\C=C\\CCC(=O)[C@H]1O[C@H]1C(=O)N,BRD-K52075040,C1CO1
CCCOc1ccc2nc(NC(=O)OC)[nH]c2c1,BRD-K52075715,c1ccc2[nH]cnc2c1
CCNC(=O)N1CCN(CCCC(c2ccc(F)cc2)c3ccc(F)cc3)CC1,BRD-K52397688,c1ccc(C(CCCN2CCNCC2)c2ccccc2)cc1
CCN(CC)CC(=O)Nc1c(C)cccc1C,BRD-K52662033,c1ccccc1
CC1(C)Oc2ccc(C#N)cc2[C@@H](OC3=CC(=O)CC3)[C@@H]1O,BRD-K52721684,O=C1C=C(OC2CCOc3ccccc32)CC1
CN(C)CCCN1c2ccccc2CCc3ccc(Cl)cc13,BRD-K52989797,c1ccc2c(c1)CCc1ccccc1N2
OC(=O)/C=C/c1ccc(Cn2ccnc2)cc1,BRD-K53061490,c1ccc(Cn2ccnc2)cc1
[O-][N+](=O)c1cnc(s1)N2CCNC2=O,BRD-K53123955,O=C1NCCN1c1nccs1
CCOC(=O)C1=C[C@]2(CC)CCCN3CCc4c([C@@H]32)n1c5ccccc45,BRD-K53318339,C1=Cn2c3c(c4ccccc42)CCN2CCCC1C32
COCCCC/C(=N\\OCCN)/c1ccc(cc1)C(F)(F)F,BRD-K53517854,c1ccccc1
CN(C)CCC=C1c2ccccc2CCc3ccccc13,BRD-K53737926,C=C1c2ccccc2CCc2ccccc21
Cc1nc2CCCCn2c(=O)c1CCN3CCC(CC3)c4noc5cc(F)ccc45,BRD-K53857191,O=c1c(CCN2CCC(c3noc4ccccc34)CC2)cnc2n1CCCC2
CCN1CCC[C@H]1CNC(=O)c2c(OC)ccc(Br)c2OC,BRD-K54094468,O=C(NCC1CCCN1)c1ccccc1
C(Oc1ccccc1C2CC2)C3=NCCN3,BRD-K54142781,c1ccc(C2CC2)c(OCC2=NCCN2)c1
Oc1ccc(cc1n2c(=O)[nH]c3cc(ccc23)C(F)(F)F)C(F)(F)F,BRD-K54210043,O=c1[nH]c2ccccc2n1-c1ccccc1
Oc1ccc(cc1)c2nc(c([nH]2)c3ccncc3)c4ccc(F)cc4,BRD-K54330070,c1ccc(-c2nc(-c3ccccc3)c(-c3ccncc3)[nH]2)cc1
COc1ccc(cc1)c2c(O)c3c(OC)c4C=CC(C)(C)Oc4cc3oc2=O,BRD-K54411430,O=c1oc2cc3c(cc2cc1-c1ccccc1)C=CCO3
C[C@H](CS)C(=O)N1CCC[C@H]1C(=O)O,BRD-K54529596,C1CCNC1
CN(C)CC/C=C/1\\c2ccccc2CSc3ccccc13,BRD-K54759182,C=C1c2ccccc2CSc2ccccc21
C[C@H](CCC(=O)NCC(=O)O)[C@H]1CC[C@H]2[C@@H]3[C@H](O)C[C@@H]4C[C@H](O)CC[C@]4(C)[C@H]3C[C@H](O)[C@]12C,BRD-K54771420,C1CCC2C(C1)CCC1C3CCCC3CCC21
Cc1cc2cc3c(C)cc(=O)oc3c(C)c2o1,BRD-K54790157,O=c1ccc2cc3ccoc3cc2o1
CCn1cc(C(=O)O)c(=O)c2cc(F)c(cc12)N3CCN(C)CC3,BRD-K55034111,O=c1cc[nH]c2cc(N3CCNCC3)ccc12
CC1(C)S[C@@H]2[C@H](NC(=O)[C@H](N)c3ccc(O)cc3)C(=O)N2[C@H]1C(=O)O,BRD-K55044200,O=C(Cc1ccccc1)NC1C(=O)N2CCSC12
OCCN1CCN(CCCN2c3ccccc3Sc4ccc(cc24)C(F)(F)F)CC1,BRD-K55127134,c1ccc2c(c1)Sc1ccccc1N2CCCN1CCNCC1
CC1(C)S[C@@H]2[C@H](NC(=O)Cc3ccccc3)C(=O)N2[C@H]1C(=O)O,BRD-K55191674,O=C(Cc1ccccc1)NC1C(=O)N2CCSC12
COc1ncnc(NS(=O)(=O)c2ccc(N)cc2)c1OC,BRD-K55250441,O=S(=O)(Nc1ccncn1)c1ccccc1
Clc1cccc(SC2CCNCC2)n1,BRD-K55424922,c1ccc(SC2CCNCC2)nc1
Fc1ccc(cc1)C(=O)CCCN2CCC3(CC2)N(CNC3=O)c4ccccc4,BRD-K55468218,O=C(CCCN1CCC2(CC1)C(=O)NCN2c1ccccc1)c1ccccc1
OC(=O)c1cc2cc(Cc3cccnc3)ccc2o1,BRD-K55529781,c1cncc(Cc2ccc3occc3c2)c1
COc1ccc(cc1)c2coc3cc(O)ccc3c2=O,BRD-K55567017,O=c1c(-c2ccccc2)coc2ccccc12
O=C1NC(=O)C(N1)(c2ccccc2)c3ccccc3,BRD-K55930204,O=C1NC(=O)C(c2ccccc2)(c2ccccc2)N1
Clc1ccc(CO/N=C(\\Cn2ccnc2)/c3ccc(Cl)cc3Cl)c(Cl)c1,BRD-K56104152,c1ccc(CON=C(Cn2ccnc2)c2ccccc2)cc1
Nc1c(Br)cc(Br)cc1CN[C@H]2CC[C@H](O)CC2,BRD-K56558538,c1ccc(CNC2CCCCC2)cc1
CC[N+](CC)(CC)CC(=O)Nc1c(C)cccc1C,BRD-K56596464,c1ccccc1
CN1C[C@H](CNC(=O)OCc2ccccc2)C[C@H]3[C@H]1Cc4cn(C)c5cccc3c45,BRD-K56699285,O=C(NCC1CNC2Cc3c[nH]c4cccc(c34)C2C1)OCc1ccccc1
NC(=N)N/N=C\\c1c(Cl)cccc1Cl,BRD-K56800335,c1ccccc1
CN(C)CCN(Cc1ccccc1)c2ccccn2,BRD-K57033106,c1ccc(CNc2ccccn2)cc1
CCN(CC)CCNC(=O)c1cc(ccc1OC)S(=O)(=O)C,BRD-K57432881,c1ccccc1
COc1cc(O)c2c(=O)c(coc2c1)c3ccc(O)cc3,BRD-K57546357,O=c1c(-c2ccccc2)coc2ccccc12
CC(=O)CCCCn1c(=O)n(C)c2ncn(C)c2c1=O,BRD-K57569181,O=c1[nH]c(=O)c2[nH]cnc2[nH]1
CC(=O)OCC(=O)[C@]12OC(C)(C)O[C@@H]2C[C@H]3[C@@H]4C[C@H](F)C5=CC(=O)C=C[C@]5(C)[C@@]4(F)[C@@H](O)C[C@@]31C,BRD-K57886322,O=C1C=CC2C(=C1)CCC1C2CCC2C1CC1OCOC12
CCN(CC)CCCCCCCCOC(=O)c1cc(OC)c(OC)c(OC)c1,BRD-K58220566,c1ccccc1
Cc1cc2CCCS(=O)(=O)c2cc1S(=O)(=O)N,BRD-K58265391,O=S1(=O)CCCc2ccccc21
COc1ccc2cc3-c4cc(OC)c(OC)cc4CC[n+]3cc2c1OC,BRD-K58466253,c1ccc2c(c1)CC[n+]1cc3ccccc3cc1-2
Cc1cc(O)c2C(=O)c3c(O)cc(O)cc3C(=O)c2c1,BRD-K58685305,O=C1c2ccccc2C(=O)c2ccccc21
O[C@H]1Cc2c(O)cc(O)cc2O[C@@H]1c3ccc(O)c(O)c3,BRD-K58736316,c1ccc(C2CCc3ccccc3O2)cc1
C[C@@]1(N[C@@H]2Cc3ccccc31)c4ccccc24,BRD-K58930050,c1ccc2c(c1)CC1NC2c2ccccc21
C[C@@H]1[C@@H]2NC[C@@H](C)C[C@H]2O[C@@]31CC[C@H]4[C@@H]5CC=C6C[C@@H](O)CC[C@]6(C)[C@H]5CC4=C3C,BRD-K58938839,C1=C2CC3C4CCCCC4=CCC3C2CCC12CC1NCCCC1O2
CN(C)CC/C=C/1\\c2ccccc2Sc3ccc(Cl)cc13,BRD-K59058766,C=C1c2ccccc2Sc2ccccc21
COc1ccc2cc(ccc2c1)[C@H](C)C(=O)O,BRD-K59197931,c1ccc2ccccc2c1
CCOC(=O)c1ccc(OC(=O)CCCCCNC(=N)N)cc1,BRD-K59256312,c1ccccc1
CCCn1cnc2n(C)c(=O)n(CCCCC(=O)C)c(=O)c12,BRD-K59273480,O=c1[nH]c(=O)c2[nH]cnc2[nH]1
Cc1cc(O)c2C(=O)c3c(O)cccc3C(=O)c2c1,BRD-K59284035,O=C1c2ccccc2C(=O)c2ccccc21
CC(C)(C)c1cc(/C=C(\\C#N)/C(=S)N)cc(c1O)C(C)(C)C,BRD-K59469039,c1ccccc1
CC(C)C[C@H](NC(=O)[C@@H](O)[C@H](N)Cc1ccccc1)C(=O)O,BRD-K59574735,c1ccccc1
OC(=O)CCc1c([nH]c2cc(Cl)cc(Cl)c12)C(=O)O,BRD-K59753853,c1ccc2[nH]ccc2c1
CN1CC[C@]23[C@@H]4Nc5ccccc5[C@]3(CCN4C)[C@@H]1Nc6ccccc62,BRD-K59851896,c1ccc2c(c1)NC1NCCC23C2NCCC13c1ccccc1N2
Nc1ccc(cc1)S(=O)(=O)NC(=O)c2ccccc2,BRD-K59983611,O=C(NS(=O)(=O)c1ccccc1)c1ccccc1
CN(C)c1ccc(cc1)C(=C2C=CC(=[N+](C)C)C=C2)c3ccc(cc3)N(C)C,BRD-K60025295,[N+]=C1C=CC(=C(c2ccccc2)c2ccccc2)C=C1
CCCCC1=NC2(CCCC2)C(=O)N1Cc3ccc(cc3)c4ccccc4c5nnn[nH]5,BRD-K60038276,O=C1N(Cc2ccc(-c3ccccc3-c3nnn[nH]3)cc2)C=NC12CCCC2
O=C[C@@H]1CCCN1C(=O)[C@@H]2CCCN2C(=O)OCc3ccccc3,BRD-K60174629,O=C(C1CCCN1C(=O)OCc1ccccc1)N1CCCC1
NC(=O)/C(=C/c1ccc(O)c(O)c1)/C#N,BRD-K60184833,c1ccccc1
C[C@@H]1C[C@H]2[C@@H]3CCC4=CC(=O)C=C[C@]4(C)[C@@]3(Cl)[C@@H](O)C[C@]2(C)[C@@]1(OC(=O)c5ccco5)C(=O)CCl,BRD-K60640630,O=C1C=CC2C(=C1)CCC1C2CCC2C(OC(=O)c3ccco3)CCC21
CCCN1C[C@H](CSC)C[C@H]2[C@H]1Cc3c[nH]c4cccc2c34,BRD-K60770992,c1cc2c3c(c[nH]c3c1)CC1NCCCC21
COc1ccc(cc1OC)C(=O)O[C@H]2CC[C@@]3(C)[C@@H]4CC[C@@H]5[C@@]3(C[C@@]6(O)[C@@H]7CN8C[C@@H](C)CC[C@H]8[C@@](C)(O)[C@@]7(O)[C@@H](O)C[C@@]56O)O[C@@]42O,BRD-K60923938,O=C(OC1CCC2C3CCC4C5CCC6CC7CCCCN7CC6C5CC42OC13)c1ccccc1
Oc1cc2[C@H](CN(CC=C)CCc2c(Br)c1O)c3ccccc3,BRD-K60932973,c1ccc(C2CNCCc3ccccc32)cc1
CN(C)C(=O)C(CCN1CCC(O)(CC1)c2ccc(Cl)cc2)(c3ccccc3)c4ccccc4,BRD-K61250553,c1ccc(C2CCN(CCC(c3ccccc3)c3ccccc3)CC2)cc1
Oc1ccc2ccc(=O)oc2c1O,BRD-K61269089,O=c1ccc2ccccc2o1
COc1ccc2[C@H](OC(=O)c2c1OC)[C@H]3N(C)CCc4cc5OCOc5cc34,BRD-K61271364,O=C1OC(C2NCCc3cc4c(cc32)OCO4)c2ccccc21
CC[Hg]Sc1ccccc1C(=O)O,BRD-K61443650,c1ccccc1
C[C@@H]1C[C@H]2[C@@H]3C[C@H](F)C4=CC(=O)C=C[C@]4(C)[C@@]3(F)[C@@H](O)C[C@]2(C)[C@@]1(O)C(=O)CO,BRD-K61496577,O=C1C=CC2C(=C1)CCC1C3CCCC3CCC21
CNC(=O)c1cc2c(cn1)[nH]c3ccccc32,BRD-K61951118,c1ccc2c(c1)[nH]c1cnccc12
CC(=O)O[C@@H]1C2=C(C)[C@H](C[C@@](O)([C@@H](OC(=O)c3ccccc3)[C@@H]4[C@@]5(CO[C@@H]5C[C@H](O)[C@@]4(C)C1=O)OC(=O)C)C2(C)C)OC(=O)[C@H](O)[C@@H](NC(=O)c6ccccc6)c7ccccc7,BRD-K62008436,O=C(CC(NC(=O)c1ccccc1)c1ccccc1)OC1C=C2CC(=O)C3CCC4OCC4C3C(OC(=O)c3ccccc3)C(C2)C1
CCC(=O)O[C@@]1([C@H](C)C[C@H]2[C@@H]3C[C@H](F)C4=CC(=O)C=C[C@]4(C)[C@@]3(F)[C@@H](O)C[C@@]21C)C(=O)SCF,BRD-K62310379,O=C1C=CC2C(=C1)CCC1C3CCCC3CCC21
Nc1ccc(cc1)S(=O)(=O)c2ccc(N)cc2,BRD-K62363391,O=S(=O)(c1ccccc1)c1ccccc1
CCCN1CCO[C@H]2[C@H]1COc3ccc(O)cc23,BRD-K62456038,c1ccc2c(c1)OCC1NCCOC21
C[C@H]1[C@H](NC(=O)/C(=N\\OC(C)(C)C(=O)O)/c2csc(N)n2)C(=O)N1S(=O)(=O)O,BRD-K62607865,N=C(C(=O)NC1CNC1=O)c1cscn1
COc1ccc2C[C@@H]3N(CCc4cc(OC)c(O)cc34)Cc2c1O,BRD-K62609077,c1ccc2c(c1)CC1c3ccccc3CCN1C2
C(Nc1ncnc2nc[nH]c12)c3ccccc3,BRD-K62929068,c1ccc(CNc2ncnc3nc[nH]c23)cc1
Cc1cccc(C)c1NC(=O)CN2CCN(CCCC(c3ccc(F)cc3)c4ccc(F)cc4)CC2,BRD-K62996583,O=C(CN1CCN(CCCC(c2ccccc2)c2ccccc2)CC1)Nc1ccccc1
CC(=CCC/C(=C/CC/C(=C/CSCC(=O)O)/C)/C)C,BRD-K63089472,
CNCCC=C1c2ccccc2C=Cc3ccccc13,BRD-K63165456,C=C1c2ccccc2C=Cc2ccccc21
COc1c2occc2cc3ccc(=O)oc13,BRD-K63430059,O=c1ccc2cc3ccoc3cc2o1
CCC(=C)C(=O)c1ccc(OCC(=O)O)c(Cl)c1Cl,BRD-K63630713,c1ccccc1
COc1c(C)c2COC(=O)c2c(O)c1C/C=C(\\C)/CCC(=O)O,BRD-K63750851,O=C1OCc2ccccc21
CCOC(=O)Nc1c[n+](no1)N2CCOCC2,BRD-K63861289,c1c[n+](N2CCOCC2)no1
CCCCC/C=C\\C/C=C\\CCCCCCCC(=O)N,BRD-K64044582,
Clc1ccc2ncnc(NCc3ccc4OCOc4c3)c2c1,BRD-K64746805,c1ccc2c(NCc3ccc4c(c3)OCO4)ncnc2c1
C[C@H]1C[C@H]2[C@@H]3CC[C@](O)(C(=O)C)[C@@]3(C)C[C@H](O)[C@]2(F)[C@@]4(C)C=CC(=O)C=C14,BRD-K64862097,O=C1C=CC2C(=C1)CCC1C3CCCC3CCC21
CC(=O)[C@H]1CC[C@H]2[C@@H]3CCC4=CC(=O)CC[C@]4(C)[C@H]3CC[C@]12C,BRD-K64994968,O=C1C=C2CCC3C4CCCC4CCC3C2CC1
CCCNC(C)(C)COC(=O)c1ccccc1,BRD-K65417056,c1ccccc1
COc1ccc(cc1)c2oc3c(CC=C(C)C)c(O[C@@H]4O[C@H](CO)[C@@H](O)[C@H](O)[C@H]4O)cc(O)c3c(=O)c2O[C@@H]5O[C@@H](C)[C@H](O)[C@@H](O)[C@H]5O,BRD-K65639003,O=c1c(OC2CCCCO2)c(-c2ccccc2)oc2cc(OC3CCCCO3)ccc12
C(Nc1ncnc2[nH]cnc12)c3ccco3,BRD-K65667145,c1coc(CNc2ncnc3[nH]cnc23)c1
[I+]1c2ccccc2-c3ccccc13,BRD-K65814004,c1ccc2c(c1)[I+]c1ccccc1-2
CN1[C@H](C[C@H](O)c2ccccc2)CCC[C@@H]1CC(=O)c3ccccc3,BRD-K66206289,O=C(CC1CCCC(CCc2ccccc2)N1)c1ccccc1
Nc1nc2cc(Cl)ccc2o1,BRD-K66353228,c1ccc2ocnc2c1
O[C@H]1CC[C@@]2(O)[C@H]3Cc4ccc(O)c5O[C@@H]1[C@]2(CCN3CC6CCC6)c54,BRD-K66404838,c1cc2c3c(c1)OC1CCCC4C(C2)N(CC2CCC2)CCC314
Oc1cccc2cccnc12,BRD-K66808046,c1ccc2ncccc2c1
Cc1ccc(cc1)C(=O)Cn2c3CCCCc3sc2=N,BRD-K66874953,N=c1sc2c(n1CC(=O)c1ccccc1)CCCC2
CC(C)(C)C(=O)OCOC(=O)[C@@H]1N2[C@H](SC1(C)C)[C@H](/N=C/N3CCCCCC3)C2=O,BRD-K67100011,O=C1C(N=CN2CCCCCC2)C2SCCN12
OC(=O)CCCc1ccccc1,BRD-K67102207,c1ccccc1
COP(=S)(OC)Oc1ccc(SC)c(C)c1,BRD-K67217586,c1ccccc1
COc1ccc(cc1C(=O)NCc2cccnc2)C(=O)NCc3cccnc3,BRD-K67277431,O=C(NCc1cccnc1)c1cccc(C(=O)NCc2cccnc2)c1
NC(=O)c1ccc(cc1)c2nc(c([nH]2)c3ccccn3)c4ccc5OCOc5c4,BRD-K67298865,c1ccc(-c2nc(-c3ccc4c(c3)OCO4)c(-c3ccccn3)[nH]2)cc1
OC1(CCN(CCCC(=O)c2ccc(F)cc2)CC1)c3ccc(Cl)cc3,BRD-K67783091,O=C(CCCN1CCC(c2ccccc2)CC1)c1ccccc1
NCCCC[C@H](N[C@@H](CCc1ccccc1)C(=O)O)C(=O)N2CCC[C@H]2C(=O)O,BRD-K67966701,O=C(CNCCCc1ccccc1)N1CCCC1
OC(=O)Cc1nn(Cc2ccc(Br)cc2F)c(=O)c3ccccc13,BRD-K68332390,O=c1c2ccccc2cnn1Cc1ccccc1
COc1cc2ncnc(Nc3cccc(Cl)c3)c2cc1OC,BRD-K68336408,c1ccc(Nc2ncnc3ccccc23)cc1
Clc1cccc2c(cccc12)S(=O)(=O)N3CCCNCC3,BRD-K68402494,O=S(=O)(c1cccc2ccccc12)N1CCCNCC1
CCOC(=O)NNc1nncc2ccccc12,BRD-K68553471,c1ccc2cnncc2c1
COc1ccc(cc1F)c2cc(nn2c3ccc(cc3)S(=O)(=O)N)C(F)F,BRD-K68558722,c1ccc(-c2ccnn2-c2ccccc2)cc1
CC(=O)[C@H]1CC[C@H]2[C@@H]3C=CC4=CC(=O)CC[C@@]4(C)[C@@H]3CC[C@]12C,BRD-K68620903,O=C1C=C2C=CC3C4CCCC4CCC3C2CC1
COc1ccccc1N2CCN(CCCCN3C(=O)c4ccccc4C3=O)CC2,BRD-K69195780,O=C1c2ccccc2C(=O)N1CCCCN1CCN(c2ccccc2)CC1
Cc1cc2nc3c(=O)[nH]c(=O)nc3n(C[C@@H](O)[C@@H](O)[C@@H](O)CO)c2cc1C,BRD-K70246307,O=c1nc2[nH]c3ccccc3nc-2c(=O)[nH]1
CCCN(CCC)C1Cc2cc(OC)c(OC)cc2C1,BRD-K70281171,c1ccc2c(c1)CCC2
CN(C)CCC[C@]1(OCc2cc(C#N)ccc21)c3ccc(F)cc3,BRD-K70301876,c1ccc(C2OCc3ccccc32)cc1
OCCN1CCN(CC/C=C\\2/c3ccccc3Sc4ccc(cc24)C(F)(F)F)CC1,BRD-K70487031,C(CCN1CCNCC1)=C1c2ccccc2Sc2ccccc21
Clc1cccc(c1)N2CCN(CCCn3nc4ccccn4c3=O)CC2,BRD-K70778732,O=c1n(CCCN2CCN(c3ccccc3)CC2)nc2ccccn12
C[C@H]1[C@H]2[C@H](C[C@H]3[C@@H]4CC=C5C[C@H](CC[C@]5(C)[C@H]4CC[C@]23C)O[C@@H]6O[C@H](CO)[C@H](O)[C@H](O[C@@H]7O[C@H](CO)[C@@H](O)[C@H](O)[C@H]7O)[C@H]6O[C@@H]8O[C@@H](C)[C@H](O)[C@@H](O)[C@H]8O)N9C[C@@H](C)CC[C@H]19,BRD-K70881766,C1=C2CC(OC3OCCC(OC4CCCCO4)C3OC3CCCCO3)CCC2C2CCC3C(CC4C3CC3CCCCN34)C2C1
Nc1ccc(cc1)S(=O)(=O)Nc2cnc3ccccc3n2,BRD-K71133585,O=S(=O)(Nc1cnc2ccccc2n1)c1ccccc1
CC(C)n1cnc2c(NCc3ccccc3)nc(NCCO)nc12,BRD-K71726959,c1ccc(CNc2ncnc3[nH]cnc23)cc1
CC(C)c1cnc(NC(=O)Cc2ccccc2)s1,BRD-K71799778,O=C(Cc1ccccc1)Nc1nccs1
NC(=O)N1c2ccccc2C=Cc3ccccc13,BRD-K71799949,C1=Cc2ccccc2Nc2ccccc21
COc1c(oc2cc3oc(=O)ccc3cc12)C(C)C,BRD-K72034655,O=c1ccc2cc3ccoc3cc2o1
CN1C[C@@H](C[C@H]2[C@H]1Cc3c[nH]c4cccc2c34)C(=O)N[C@]5(C)O[C@@]6(O)[C@@H]7CCCN7C(=O)[C@H](Cc8ccccc8)N6C5=O,BRD-K72166146,O=C(NC1OC2C3CCCN3C(=O)C(Cc3ccccc3)N2C1=O)C1CNC2Cc3c[nH]c4cccc(c34)C2C1
CCCCOc1ccc(cc1)C(=O)CCN2CCCCC2,BRD-K72259270,O=C(CCN1CCCCC1)c1ccccc1
Cc1cn([C@H]2C[C@H](N=[N+]=[N-])[C@@H](CO)O2)c(=O)[nH]c1=O,BRD-K72903603,O=c1ccn(C2CCCO2)c(=O)[nH]1
C1CN2C[C@@H](N=C2S1)c3ccccc3,BRD-K73107279,c1ccc(C2CN3CCSC3=N2)cc1
CC1=Nc2ccc(Cl)cc2S(=O)(=O)N1,BRD-K73109821,O=S1(=O)NC=Nc2ccccc21
CCCCc1cc2ccccc2c(OCCN(C)C)n1,BRD-K73391359,c1ccc2cnccc2c1
C[C@@]12C[C@H](O)[C@H]3[C@@H](CCC4=CC(=O)CC[C@]34C)[C@@H]2CC[C@@H]1C(=O)CO,BRD-K73589401,O=C1C=C2CCC3C4CCCC4CCC3C2CC1
CCN(CC)CCNC(=O)c1cc(Br)c(N)cc1OC,BRD-K73642618,c1ccccc1
CN(C)c1cccc(c1)C(=O)Nc2ccc(C)c(NC(=O)c3ccc(O)cc3)c2,BRD-K73789395,O=C(Nc1cccc(NC(=O)c2ccccc2)c1)c1ccccc1
CCCc1nc2c(C)cc(cc2n1Cc3ccc(cc3)c4ccccc4C(=O)O)c5nc6ccccc6n5C,BRD-K73999723,c1ccc(-c2ccc(Cn3cnc4ccc(-c5nc6ccccc6[nH]5)cc43)cc2)cc1
CN(C/C=C/c1ccccc1)Cc2cccc3ccccc23,BRD-K74141488,C(=Cc1ccccc1)CNCc1cccc2ccccc12
COc1ccc(/C=C/C(=O)CC(=O)\\C=C\\c2cccc(O)c2OC)cc1O,BRD-K74148702,O=C(C=Cc1ccccc1)CC(=O)C=Cc1ccccc1
CC(C)C[C@@H]1N2C(=O)[C@](NC(=O)[C@H]3CN(C)[C@@H]4Cc5c[nH]c6cccc(C4=C3)c56)(O[C@@]2(O)[C@@H]7CCCN7C1=O)C(C)C,BRD-K74212935,O=C(NC1OC2C3CCCN3C(=O)CN2C1=O)C1C=C2c3cccc4[nH]cc(c34)CC2NC1
CCCc1c(O)c(ccc1OCCCCc2nnn[nH]2)C(=O)C,BRD-K74765201,c1ccc(OCCCCc2nnn[nH]2)cc1
CCN[C@H]1CN(CCCOC)S(=O)(=O)c2sc(cc12)S(=O)(=O)N,BRD-K74913225,O=S1(=O)NCCc2ccsc21
CCN(CC)CCNC(=O)c1ccc(N)cc1,BRD-K75089421,c1ccccc1
CC(=CCC/C(=C/CC/C(=C/CC/C(=C/CSC[C@H](NC(=O)C)C(=O)O)/C)/C)/C)C,BRD-K75181824,
Nc1nc2CCN(CC=C)CCc2s1,BRD-K75615183,c1nc2c(s1)CCNCC2
CCN(CC)CCNC(=O)c1cc(Cl)c(N)cc1OC,BRD-K75641298,c1ccccc1
Clc1cccc(c1)N2CCNCC2,BRD-K75844781,c1ccc(N2CCNCC2)cc1
CN1CCC(=C2c3ccsc3CCc4ccccc24)CC1,BRD-K75958195,c1ccc2c(c1)CCc1sccc1C2=C1CCNCC1
CN1CCc2cccc-3c2[C@H]1Cc4ccc(O)c(O)c43,BRD-K76022557,c1ccc2c(c1)CC1NCCc3cccc-2c31
COc1cc2ncc(nc2cc1OC)c3ccccc3,BRD-K76064317,c1ccc(-c2cnc3ccccc3n2)cc1
CCCCc1nc(Cl)c(CO)n1Cc2ccc(cc2)c3ccccc3c4nnn[nH]4,BRD-K76205745,c1ccc(-c2nnn[nH]2)c(-c2ccc(Cn3ccnc3)cc2)c1
CCCCCCCCCCCCCC(=O)N[C@H](C)[C@@H](O)c1ccccc1,BRD-K76274772,c1ccccc1
Nc1ccc(/N=N/c2ccccc2)c(N)n1,BRD-K76304753,c1ccc(N=Nc2cccnc2)cc1
C/C(=C\\C=C\\C(=C/C(=O)O)\\C)/C=C/C1=C(C)CCCC1(C)C,BRD-K76723084,C1=CCCCC1
Oc1ccc(NC2=C(C(=O)NC2=O)c3ccccc3[N+](=O)[O-])cc1Cl,BRD-K76805682,O=C1NC(=O)C(c2ccccc2)=C1Nc1ccccc1
CO[C@@]12C[C@@H](COC(=O)c3cncc(Br)c3)CN(C)[C@@H]2Cc4cn(C)c5cccc1c45,BRD-K76810206,O=C(OCC1CNC2Cc3c[nH]c4cccc(c34)C2C1)c1cccnc1
CN(CS(=O)(=O)O)c1c(C)n(C)n(c2ccccc2)c1=O,BRD-K76812510,O=c1cc[nH]n1-c1ccccc1
[O-][N+](=O)c1ccc(/C=N/N2CC(=O)NC2=O)o1,BRD-K76927775,O=C1CN(N=Cc2ccco2)C(=O)N1
C[C@@]12C[C@H](O)[C@@]3(F)[C@@H](CCC4=CC(=O)C=C[C@@]43C)[C@@H]2C[C@@H](O)[C@]1(O)C(=O)CO,BRD-K77554836,O=C1C=CC2C(=C1)CCC1C3CCCC3CCC21
C(C1=NCCN1)c2cccc3ccccc23,BRD-K77641333,c1ccc2c(CC3=NCCN3)cccc2c1
c1nc(cs1)c2nc3ccccc3[nH]2,BRD-K77695569,c1ccc2[nH]c(-c3cscn3)nc2c1
COc1nc(C)nc(Cl)c1NC2=NCCN2,BRD-K77771411,c1ncc(NC2=NCCN2)cn1
C1CN(CCN1)c2ccc3ccccc3n2,BRD-K77925998,c1ccc2nc(N3CCNCC3)ccc2c1
Fc1ccc(cc1)C(CCCN2CCC3(CC2)N(CNC3=O)c4ccccc4)c5ccc(F)cc5,BRD-K77947974,O=C1NCN(c2ccccc2)C12CCN(CCCC(c1ccccc1)c1ccccc1)CC2
COC(=O)Nc1nc2ccc(cc2[nH]1)C(=O)c3ccccc3,BRD-K77987382,O=C(c1ccccc1)c1ccc2nc[nH]c2c1
NS(=O)(=O)c1cc(C(=O)O)c(NCc2ccco2)cc1Cl,BRD-K78010432,c1ccc(NCc2ccco2)cc1
CCn1cc(C(=O)O)c(=O)c2cc(F)c(nc12)N3CCNCC3,BRD-K78113049,O=c1cc[nH]c2nc(N3CCNCC3)ccc12
CCCCC/C=C\\C/C=C\\C/C=C\\CCCCCCC(=O)NCCO,BRD-K78280988,
COc1ccc2ccc(=O)oc2c1CC=C(C)C,BRD-K78294846,O=c1ccc2ccccc2o1
CO/N=C(\\C(=O)N[C@H]1[C@H]2SCC(=C(N2C1=O)C(=O)O)COC(=O)C)/c3csc(N)n3,BRD-K78364995,N=C(C(=O)NC1C(=O)N2C=CCSC12)c1cscn1
CCCC[C@@H](C)/C=C(\\C)/C=C(\\C)/C(=O)NC1=C[C@@](O)(\\C=C\\C=C\\C=C\\C(=O)NC2C(=O)CCC2=O)[C@@H]3O[C@@H]3C1=O,BRD-K78599730,O=C(C=CC=CC=CC1C=CC(=O)C2OC12)NC1C(=O)CCC1=O
OC1(CCN(CCCC(=O)c2ccc(F)cc2)CC1)c3ccc(Br)cc3,BRD-K78643075,O=C(CCCN1CCC(c2ccccc2)CC1)c1ccccc1
Cc1oncc1C(=O)Nc2ccc(cc2)C(F)(F)F,BRD-K78692225,O=C(Nc1ccccc1)c1cnoc1
CCCCC1(COC(=O)CCC(=O)O)C(=O)N(N(C1=O)c2ccccc2)c3ccccc3,BRD-K78815826,O=C1CC(=O)N(c2ccccc2)N1c1ccccc1
C[C@H]1[C@H]2[C@H](OC1=O)[C@@H]3C(=CC(=O)C3=C(C)C[C@@H]2O)C,BRD-K78838262,O=C1CC2CCC=C3C(=O)C=CC3C2O1
COC(=O)c1c(C)[nH]c(C)c1C(=O)c2ccccc2Cc3ccccc3,BRD-K78959463,O=C(c1cc[nH]c1)c1ccccc1Cc1ccccc1
NC(=O)N/N=C/c1ccc(o1)[N+](=O)[O-],BRD-K79092138,c1ccoc1
CCCSc1ccc2[nH]c(NC(=O)OC)nc2c1,BRD-K79131256,c1ccc2[nH]cnc2c1
Fc1ccc(cc1)C(=O)CCCN2CCC(CC2)n3c(=O)[nH]c4ccccc34,BRD-K79425933,O=C(CCCN1CCC(n2c(=O)[nH]c3ccccc32)CC1)c1ccccc1
CC(=CCC/C(=C/CC/C(=C/CSC[C@H](NC(=O)C)C(=O)O)/C)/C)C,BRD-K79437791,
CN1CCN(CC1)C(c2ccccc2)c3ccccc3,BRD-K79501723,c1ccc(C(c2ccccc2)N2CCNCC2)cc1
CS(=O)(=O)c1ccc(cc1)[C@@H](O)[C@@H](CO)NC(=O)C(Cl)Cl,BRD-K79711234,c1ccccc1
CCCc1nn(C)c2c(=O)[nH]c(nc12)c3cc(ccc3OCC)S(=O)(=O)N4CCN(C)CC4,BRD-K79759585,O=c1[nH]c(-c2cccc(S(=O)(=O)N3CCNCC3)c2)nc2cn[nH]c12
C[C@@]12CC[C@H]3[C@@H](CCC4=C3CCC(=O)C4)[C@@H]2CC[C@@]1(O)C#C,BRD-K80334323,O=C1CCC2=C(CCC3C2CCC2CCCC23)C1
CC[C@H]1CN2CCc3cc(OC)c(OC)cc3[C@@H]2C[C@@H]1C[C@H]4NCCc5cc(O)c(OC)cc45,BRD-K80348542,c1ccc2c(c1)CCNC2CC1CCN2CCc3ccccc3C2C1
COc1c2ccoc2c(OC)c3oc(C)cc(=O)c13,BRD-K80353807,O=c1ccoc2cc3occc3cc12
COc1ccc2c(c1)C(=O)N(CCc3ccc(cc3)S(=O)(=O)NC(=O)NC4CCCCC4)C(=O)C2(C)C,BRD-K80396088,O=C(NC1CCCCC1)NS(=O)(=O)c1ccc(CCN2C(=O)Cc3ccccc3C2=O)cc1
Oc1ccc(/C=C/c2cc(O)cc(O)c2)cc1,BRD-K80738081,C(=Cc1ccccc1)c1ccccc1
CC(=O)Oc1ccc(/C=C/c2cc(OC(=O)C)cc(OC(=O)C)c2)cc1,BRD-K80946661,C(=Cc1ccccc1)c1ccccc1
COc1ccc(cc1)[C@H]2Sc3ccccc3N(CCN(C)C)C(=O)[C@H]2OC(=O)C,BRD-K81029756,O=C1CC(c2ccccc2)Sc2ccccc2N1
CC(C)c1cc(OC(=O)C)c(C)cc1OCCN(C)C,BRD-K81144366,c1ccccc1
[O-][N+](=O)c1ccc(cc1)c2ccc(/C=N/N3CC(=O)NC3=O)o2,BRD-K81272440,O=C1CN(N=Cc2ccc(-c3ccccc3)o2)C(=O)N1
Nc1c2CCCCc2nc3ccccc13,BRD-K81473089,c1ccc2nc3c(cc2c1)CCCC3
CC1(C)O[C@@H]2C[C@H]3[C@@H]4CCC5=CC(=O)CC[C@]5(C)[C@@]4(F)[C@@H](O)C[C@]3(C)[C@@]2(O1)C(=O)CCl,BRD-K81709173,O=C1C=C2CCC3C(CCC4C3CC3OCOC34)C2CC1
C[C@@]12CC[C@H]3[C@@H](CCc4cc(O)ccc34)[C@@H]2CCC1=O,BRD-K81839095,O=C1CCC2C1CCC1c3ccccc3CCC12
NNc1nncc2ccccc12,BRD-K82103381,c1ccc2cnncc2c1
Oc1c(Cc2c(O)c3ccccc3oc2=O)c(=O)oc4ccccc14,BRD-K82236179,O=c1oc2ccccc2cc1Cc1cc2ccccc2oc1=O
CC(C)c1cccc(C(C)C)c1O,BRD-K82255054,c1ccccc1
COc1ccn(C)c(=O)c1C#N,BRD-K82561139,O=c1cccc[nH]1
Cc1ccc(cc1)C(=O)c2ccc(CC(=O)O)n2C,BRD-K82562631,O=C(c1ccccc1)c1ccc[nH]1
CCCN(CCC)CCc1ccc(O)c(O)c1,BRD-K82577285,c1ccccc1
CCOC(=O)N1CCC(=C2c3ccc(Cl)cc3CCc4cccnc24)CC1,BRD-K82795137,c1ccc2c(c1)CCc1cccnc1C2=C1CCNCC1
CCOc1cc(CC(=O)N[C@@H](CC(C)C)c2ccccc2N3CCCCC3)ccc1C(=O)O,BRD-K82846253,O=C(Cc1ccccc1)NCc1ccccc1N1CCCCC1
CCCCC[C@H](O)/C=C/C1=C(C/C=C\\CCCC(=O)O)C(=O)CC1,BRD-K82865713,O=C1C=CCC1
COC1=C[C@@H]2[C@@H]3Cc4ccc(OC)c(O)c4[C@]2(CCN3C)CC1=O,BRD-K83459933,O=C1C=CC2C3Cc4ccccc4C2(CCN3)C1
CN(CC#C)Cc1ccccc1,BRD-K83597974,c1ccccc1
CN[C@@H](C)[C@@H](O)c1ccccc1,BRD-K84175871,c1ccccc1
Oc1cc2[C@H](CNCCc2c(Cl)c1O)c3ccccc3,BRD-K84421793,c1ccc(C2CNCCc3ccccc32)cc1
C[C@@]12CC[C@H]3[C@@H](CC[C@]4(O)C[C@@H](O)CC[C@]34C=O)[C@@]2(O)CC[C@@H]1C5=CC(=O)OC5,BRD-K84595254,O=C1C=C(C2CCC3C2CCC2C4CCCCC4CCC23)CO1
COc1cc2CCn3c(c/c(=N\\c4c(C)cc(C)cc4C)/n(C)c3=O)-c2cc1OC,BRD-K84663978,O=c1[nH]c(=Nc2ccccc2)cc2n1CCc1ccccc1-2
CC[C@H]1[C@@H](Cc2cncn2C)COC1=O,BRD-K85090592,O=C1CC(Cc2cnc[nH]2)CO1
CCCCNC(=O)NS(=O)(=O)c1ccc(C)cc1,BRD-K85119730,c1ccccc1
CCCOC(=O)c1cc2c(cn1)[nH]c3ccccc32,BRD-K85242180,c1ccc2c(c1)[nH]c1cnccc12
CO[C@@H]1[C@@H](OC(=O)N)[C@@H](O)[C@H](Oc2ccc3c(O)c(NC(=O)c4ccc(O)c(CC=C(C)C)c4)c(=O)oc3c2C)OC1(C)C,BRD-K85307935,O=C(Nc1cc2ccc(OC3CCCCO3)cc2oc1=O)c1ccccc1
C[C@]1(Cc2cc(OCC(=O)O)c(Cl)c(Cl)c2C1=O)C3CCCC3,BRD-K85383046,O=C1c2ccccc2CC1C1CCCC1
C[C@@]12CC(=O)[C@H]3[C@@H](CCC4=CC(=O)C=C[C@]34C)[C@@H]2CC[C@]1(O)C(=O)CO,BRD-K85883481,O=C1C=CC2C(=C1)CCC1C3CCCC3CC(=O)C21
Cc1c2[nH]c3ccccc3c2c(C)c4cnccc14,BRD-K85985071,c1ccc2c(c1)[nH]c1cc3ccncc3cc12
CC(C)N1CCN(CC1)c2ccc(OC[C@H]3CO[C@@](Cn4cncn4)(O3)c5ccc(Cl)cc5Cl)cc2,BRD-K86204871,c1ccc(C2(Cn3cncn3)OCC(COc3ccc(N4CCNCC4)cc3)O2)cc1
C[C@H](Cc1ccccc1)N(C)CC#C,BRD-K86434416,c1ccccc1
CCN1CCN(C(=O)N[C@@H](C(=O)N[C@H]2[C@H]3SC(C)(C)[C@@H](N3C2=O)C(=O)O)c4ccccc4)C(=O)C1=O,BRD-K86873305,O=C1NCCN(C(=O)NC(C(=O)NC2C(=O)N3CCSC23)c2ccccc2)C1=O
CCNC(=O)N(CCCN(C)C)C(=O)[C@@H]1C[C@H]2[C@@H](Cc3c[nH]c4cccc2c34)N(CC=C)C1,BRD-K86882815,c1cc2c3c(c[nH]c3c1)CC1NCCCC21
NNCCc1ccccc1,BRD-K87024524,c1ccccc1
CCCCc1ccc(nc1)C(=O)O,BRD-K87049188,c1ccncc1
CCOC(=O)n1ccn(C)c1=S,BRD-K87156652,S=c1[nH]cc[nH]1
N[C@@H](Cc1ccc(cc1)N(CCCl)CCCl)C(=O)O,BRD-K87827419,c1ccccc1
NS(=O)(=O)c1cc(cc(N2CCCC2)c1Oc3ccccc3)C(=O)O,BRD-K87990216,c1ccc(Oc2ccccc2N2CCCC2)cc1
Oc1ccc2ccc(=O)oc2c1,BRD-K87991767,O=c1ccc2ccccc2o1
CN1CCC(=C2c3ccccc3Sc4ccccc24)CC1,BRD-K88090157,c1ccc2c(c1)Sc1ccccc1C2=C1CCNCC1
Cc1c(C(=O)c2cccc3ccccc23)c4cccc5OC[C@@H](CN6CCOCC6)n1c54,BRD-K88282786,O=C(c1cccc2ccccc12)c1cn2c3c(cccc13)OCC2CN1CCOCC1
COc1ccc(CN2CCNCC2)c(OC)c1OC,BRD-K88366685,c1ccc(CN2CCNCC2)cc1
COc1ccc(CN(CCN(C)C)c2ncccn2)cc1,BRD-K88405679,c1ccc(CNc2ncccn2)cc1
CCc1nc(N)nc(N)c1c2ccc(Cl)cc2,BRD-K88429204,c1ccc(-c2cncnc2)cc1
CC(C)NNC(=O)c1ccncc1,BRD-K88568253,c1ccncc1
COc1ccc(cc1)C(=O)N2CCCC2=O,BRD-K88611939,O=C1CCCN1C(=O)c1ccccc1
CCCCCNC(=N)N/N=C/c1c[nH]c2ccc(OC)cc12,BRD-K88743730,c1ccc2[nH]ccc2c1
N#Cc1ccc(cc1)C(c2ccc(C#N)cc2)n3cncn3,BRD-K88789588,c1ccc(C(c2ccccc2)n2cncn2)cc1
N[C@H]1C[C@@H]1c2ccccc2,BRD-K88809146,c1ccc(C2CC2)cc1
CCCCCc1c(C(=O)O)c(O)cc2OC(=O)c3c(cc(OC)cc3Oc12)C(=O)CCCC,BRD-K88849294,O=C1Oc2ccccc2Oc2ccccc21
CCN(CC)C(=O)N[C@H]1CN(C)[C@@H]2Cc3c[nH]c4cccc(C2=C1)c34,BRD-K88871508,C1=C2c3cccc4[nH]cc(c34)CC2NCC1
CC1(C)S[C@@H]2[C@H](NC(=O)C3(N)CCCCC3)C(=O)N2[C@H]1C(=O)O,BRD-K89046952,O=C(NC1C(=O)N2CCSC12)C1CCCCC1
CCN(CCCc1ccccc1)CCCc2ccccc2,BRD-K89055274,c1ccc(CCCNCCCc2ccccc2)cc1
CCS(=O)(=O)CCn1c(C)ncc1[N+](=O)[O-],BRD-K89125793,c1c[nH]cn1
OC(=O)CCCC[C@@H]1SC[C@@H]2NC(=O)N[C@H]12,BRD-K89210380,O=C1NC2CSCC2N1
OC(=O)c1cc(ccc1NCCCc2ccccc2)[N+](=O)[O-],BRD-K89272762,c1ccc(CCCNc2ccccc2)cc1
CN1CCN(CC(=O)N2c3ccccc3C(=O)Nc4cccnc24)CC1,BRD-K89375097,O=C1Nc2cccnc2N(C(=O)CN2CCNCC2)c2ccccc21
CC[C@]1(CCCN2CCc3c4[C@@H]21)C[C@@](O)(C(=O)OC)n4c5ccccc35,BRD-K89704198,c1ccc2c(c1)c1c3n2CCC2CCCN(CC1)C32
CN1CCN(CCCN2c3ccccc3Sc4ccc(cc24)C(F)(F)F)CC1,BRD-K89732114,c1ccc2c(c1)Sc1ccccc1N2CCCN1CCNCC1
CC(=O)S[C@@H]1CC2=CC(=O)CC[C@]2(C)[C@H]3CC[C@@]4(C)[C@@H](CC[C@]54CCC(=O)O5)[C@H]13,BRD-K90027355,O=C1C=C2CCC3C(CCC4C3CCC43CCC(=O)O3)C2CC1
Cc1ccc(cc1)N(CC2=NCCN2)c3cccc(O)c3,BRD-K90333595,c1ccc(N(CC2=NCCN2)c2ccccc2)cc1
Clc1cccc(Nc2nnc(c3ccccc3)c4ccccc24)c1,BRD-K90524085,c1ccc(Nc2nnc(-c3ccccc3)c3ccccc23)cc1
CC1=C(N2[C@H](SC1)[C@H](NC(=O)[C@H](N)c3ccccc3)C2=O)C(=O)O,BRD-K90733503,O=C(Cc1ccccc1)NC1C(=O)N2C=CCSC12
C[C@H](CCC(=O)O)[C@H]1CC[C@H]2[C@H]3[C@H](CC(=O)[C@]12C)[C@@]4(C)CCC(=O)C[C@H]4CC3=O,BRD-K90976994,O=C1CCC2C(C1)CC(=O)C1C3CCCC3C(=O)CC21
CNCCC=C1c2ccccc2CCc3ccccc13,BRD-K91263825,C=C1c2ccccc2CCc2ccccc21
COc1ccc2[C@@H](OC(=O)c2c1OC)[C@@H]3N(C)CCc4cc5OCOc5c(OC)c34,BRD-K91301684,O=C1OC(C2NCCc3cc4c(cc32)OCO4)c2ccccc21
CNCCc1ccccn1,BRD-K91315211,c1ccncc1
CN(C)S(=O)(=O)N[C@H]1C[C@H]2[C@@H](Cc3cn(C)c4cccc2c34)N(C)C1,BRD-K91336023,c1cc2c3c(c[nH]c3c1)CC1NCCCC21
COc1ccc(C[C@H]2NC[C@H](O)[C@H]2OC(=O)C)cc1,BRD-K91370081,c1ccc(CC2CCCN2)cc1
Cc1c(nn(c1c2ccc(I)cc2)c3ccc(Cl)cc3Cl)C(=O)NN4CCCCC4,BRD-K92000912,O=C(NN1CCCCC1)c1cc(-c2ccccc2)n(-c2ccccc2)n1
Nc1nc(N)c2nc(c(N)nc2n1)c3ccccc3,BRD-K92049597,c1ccc(-c2cnc3ncncc3n2)cc1
COc1cc(O)c2c(=O)cc(oc2c1)c3ccc(OC)c(c3)c4c(O)cc(O)c5c(=O)cc(oc45)c6ccc(O)cc6,BRD-K92123432,O=c1cc(-c2cccc(-c3cccc4c(=O)cc(-c5ccccc5)oc34)c2)oc2ccccc12
CN1CCN(CC1)C2=Cc3ccccc3Oc4ccc(Cl)cc24,BRD-K92588747,C1=C(N2CCNCC2)c2ccccc2Oc2ccccc21
COc1ccccc1c2coc3cc(OC)c(OC)c(OC)c3c2=O,BRD-K92678294,O=c1c(-c2ccccc2)coc2ccccc12
CCC[C@H](N[C@@H](C)C(=O)N1[C@@H](C[C@@H]2CCCC[C@@H]21)C(=O)O)C(=O)OCC,BRD-K92731339,C1CCC2NCCC2C1
C[C@]1([C@H]2[C@H](C(=O)O)[C@]3(CC(=C)[C@@]4(O)C3)[C@@H](CC4)[C@]52OC1=O)[C@@H](O)C=C5,BRD-K92758126,C=C1CC23CC1CCC2C12C=CCC(C(=O)O1)C2C3
Cc1cccc(Nc2ccccc2C(=O)O)c1C,BRD-K92778217,c1ccc(Nc2ccccc2)cc1
C[C@H](N)C(=O)N[C@@H](C)C(=O)N[C@@H](Cc1ccccc1)C(=O)CCl,BRD-K93080877,c1ccccc1
Ic1cccc2c(cccc12)S(=O)(=O)N3CCCNCC3,BRD-K93201660,O=S(=O)(c1cccc2ccccc12)N1CCCNCC1
[O-][N+](=O)c1ccc(Cl)c(c1)C(=O)Nc2ccccc2,BRD-K93258693,O=C(Nc1ccccc1)c1ccccc1
COc1ccc(cc1)c2ccc(N)[n+](CCCC(=O)O)n2,BRD-K93280214,c1ccc(-c2ccc[nH+]n2)cc1
Cc1cc(no1)C(=O)NNCc2ccccc2,BRD-K93332168,O=C(NNCc1ccccc1)c1ccon1
C[N+]1(C)CCC(=C(c2ccccc2)c3ccccc3)CC1,BRD-K93441486,c1ccc(C(=C2CC[NH2+]CC2)c2ccccc2)cc1
O=C1CC2(CCCC2)CC(=O)N1CCCCN3CCN(CC3)c4ncccn4,BRD-K93461745,O=C1CC2(CCCC2)CC(=O)N1CCCCN1CCN(c2ncccn2)CC1
C[C@@]12C[C@H](O)[C@H]3[C@@H](CCC4=CC(=O)CC[C@]34C)[C@@H]2CC[C@]1(O)C(=O)CO,BRD-K93568044,O=C1C=C2CCC3C4CCCC4CCC3C2CC1
CC/C(=C(\\c1ccccc1)/c2ccc(OCCN(C)C)cc2)/c3ccccc3,BRD-K93754473,C(=C(c1ccccc1)c1ccccc1)c1ccccc1
CN1[C@@H](CCC1=O)c2cccnc2,BRD-K94144010,O=C1CCC(c2cccnc2)N1
OC[C@H]1O[C@H]([C@H](O)[C@@H]1O)n2cnc3c(NCc4ccco4)ncnc23,BRD-K94325918,c1coc(CNc2ncnc3c2ncn3C2CCCO2)c1
COc1ccc2n(C(=O)c3ccc(Cl)cc3)c(C)c(CC(=O)N4CCOCC4)c2c1,BRD-K94379058,O=C(Cc1cn(C(=O)c2ccccc2)c2ccccc12)N1CCOCC1
Fc1ccc(OCCCN2CCC3(CC2)N(CNC3=O)c4ccccc4)cc1,BRD-K94512704,O=C1NCN(c2ccccc2)C12CCN(CCCOc1ccccc1)CC2
Oc1cc(O)c2C(=O)C[C@H](Oc2c1)c3ccccc3,BRD-K94689771,O=C1CC(c2ccccc2)Oc2ccccc21
OC(=O)c1cc(O)c2C(=O)c3c(O)cc(O)cc3C(=O)c2c1,BRD-K94841585,O=C1c2ccccc2C(=O)c2ccccc21
FC(F)(F)c1cccc(c1)N2CCNCC2,BRD-K94887716,c1ccc(N2CCNCC2)cc1
CCCN(CCC)S(=O)(=O)c1ccc(cc1)C(=O)O,BRD-K95237249,c1ccccc1
C/C=C(/C(=C/C)/c1ccc(O)cc1)\\c2ccc(O)cc2,BRD-K95309561,C=C(C(=C)c1ccccc1)c1ccccc1
CC(C)(C)c1cc(O)c(cc1O)C(C)(C)C,BRD-K95603879,c1ccccc1
CCN(CC)c1cc(C)nc2ncnn12,BRD-K95763993,c1cnc2ncnn2c1
CCCCCCCC/C=C\\C/C=C\\C/C=C\\CCCC(=O)O,BRD-K96144918,
OC(=O)c1nn(Cc2ccc(Cl)c(Cl)c2)c3ccccc13,BRD-K96670504,c1ccc(Cn2ncc3ccccc32)cc1
OC(C1CCNCC1)(c2ccccc2)c3ccccc3,BRD-K97061094,c1ccc(C(c2ccccc2)C2CCNCC2)cc1
Fc1ccc(cc1)C(=O)CCCN2CCC(=CC2)n3c(=O)[nH]c4ccccc34,BRD-K97158071,O=C(CCCN1CC=C(n2c(=O)[nH]c3ccccc32)CC1)c1ccccc1
NC(=N)NC(=O)c1nc(Cl)c(N)nc1N,BRD-K97181089,c1cnccn1
CN(C)S(=O)(=O)c1ccc2Sc3ccccc3/C(=C\\CCN4CCN(C)CC4)/c2c1,BRD-K97309399,C(CCN1CCNCC1)=C1c2ccccc2Sc2ccccc21
Oc1cc(O)c2c(=O)c(O)c(oc2c1)c3ccc(O)c(O)c3,BRD-K97399794,O=c1cc(-c2ccccc2)oc2ccccc12
CC(C)[C@@]1(NC(=O)[C@@H]2C[C@H]3[C@@H](Cc4c[nH]c5cccc3c45)N(C)C2)O[C@@]6(O)[C@@H]7CCCN7C(=O)[C@H](Cc8ccccc8)N6C1=O,BRD-K97440753,O=C(NC1OC2C3CCCN3C(=O)C(Cc3ccccc3)N2C1=O)C1CNC2Cc3c[nH]c4cccc(c34)C2C1
Nc1cc(C(=C(Cl)Cl)Cl)c(cc1S(=O)(=O)N)S(=O)(=O)N,BRD-K97521363,c1ccccc1
COc1ccc2[nH]cc(CCNC(=O)C)c2c1,BRD-K97530723,c1ccc2[nH]ccc2c1
COc1ccc(CN(CCN(C)C)c2ccccn2)cc1,BRD-K97564742,c1ccc(CNc2ccccn2)cc1
N/C(=N\\C(=O)c1nc(Cl)c(N)nc1N)/NCc2ccccc2,BRD-K97688263,O=C(N=CNCc1ccccc1)c1cnccn1
CCCNC(=O)NS(=O)(=O)c1ccc(Cl)cc1,BRD-K97746869,c1ccccc1
Cn1c(=O)n(C)c2nc[nH]c2c1=O,BRD-K97799481,O=c1[nH]c(=O)c2[nH]cnc2[nH]1
C[C@@]12C[C@H](O)[C@H]3[C@@H](CCC4=CC(=O)C=C[C@]34C)[C@@H]2CC[C@]1(O)C(=O)CO,BRD-K98039984,O=C1C=CC2C(=C1)CCC1C3CCCC3CCC21
Clc1ccc2oc(=O)[nH]c2c1,BRD-K98174813,O=c1[nH]c2ccccc2o1
Clc1cccc(Cl)c1N=C2NCCN2,BRD-K98530306,c1ccc(N=C2NCCN2)cc1
OC(=O)c1cccnc1Nc2cccc(c2)C(F)(F)F,BRD-K98763141,c1ccc(Nc2ccccn2)cc1
CCOC(=O)c1ncn-2c1CN(C)C(=O)c3cc(F)ccc32,BRD-K98769987,O=C1NCc2cncn2-c2ccccc21
COc1nc(NC(C)C)nc(NC(C)C)n1,BRD-K99029477,c1ncncn1
NC(=O)OCC(COC(=O)N)c1ccccc1,BRD-K99107520,c1ccccc1
CCCCOc1cc(C(=O)NCCN(CC)CC)c2ccccc2n1,BRD-K99121711,c1ccc2ncccc2c1
COC1=C[C@H]2[C@H](C3=C2c4c(OC)c(OC)c(OC)cc4CC[C@@H]3NC(=O)C)C1=O,BRD-K99411983,O=C1C=CC2C3=C(CCCc4ccccc43)C12
CO/N=C(/C(=O)N[C@H]1[C@H]2SCC(=C(N2C1=O)C(=O)O)COC(=O)C)\\c3csc(N)n3,BRD-K99586414,N=C(C(=O)NC1C(=O)N2C=CCSC12)c1cscn1
Oc1c(Cl)cc(Cl)c(Cl)c1Cc2c(O)c(Cl)cc(Cl)c2Cl,BRD-K99792991,c1ccc(Cc2ccccc2)cc1
CCCCCCc1ccc(O)cc1O,BRD-K99946902,c1ccccc1
